Recipe Name,Category,Ingredients,Method,Yield/Notes
"Caesar Dressing","Sauces & Condiments","1 1/2 cup Kalamata Olives, minced
2 medium Shallots
1/2 cup Parmesan
2 tsp Garlic
Pinch Herbs
Salt and Pepper
1 cup Red Vinegar
3 quarts Mayo
1/4 cup Dijon Mustard","1. Blend olives in Robo Coupe until paste forms.
2. Add shallots, parmesan, garlic, herbs, and salt & pepper. Blend.
3. Add vinegar, mayo, and dijon mustard. Blend until smooth.
4. Date and store.","Yield: 4 Quarts"
"Calamari 'old'","Prep & Pantry","1 cup Calamari frozen dagneses calamari
to taste Flour
Salt And Pepper
drizzle Citrus Aioli
heaping tbsp Tomato Relish
pinch Herb Mix","1. Place 1 even cup drained calamari in flour mix. Coat well.
2. Fry 45 seconds to a 1 min until golden brown.
3. Toss in mixing bowl with s+p.
4. Place in bowl, drizzle with aioli and scoop tomato relish on top.
5. Garnish with herbs.","Shelf Life: 3 Days"
"Confit Wings 'old'","Prep & Pantry","40 lb Chicken Wings case
8 qt Chicken Fat melted
Dry Cure For Confit Wing Prep
3 Chicken Wings
1 pinch Pickled Celery
2 tbsp Greek Yogurt Ranch Dressing
3 tbsp Smoked Bleu Cheese Buffalo","1. Drain entire case of wings.
2. Toss chicken in cure to coat.
3. Place in bus tubs with lid and a label in walk in cooler.
4. Allow to cure overnight, 2 days maximum.
5. Drain off liquid cure from chicken thoroughly.
6. Melt chicken fat in rondeau.
7. Submerge 1/2 case of wings in melted fat.
8. Simmer wings over low heat for 2 hours or until meat begins to recede from the bone.
9. Allow to cool slightly, drain off fat, sieve and reserve for future uses.
10. Cool wings on sheet trays on rack.
11. Pan up in 3rd pans, wrap and day dot.
12. Place one in pantry station cooler and one in reach in cooler.
13. Place 3 whole wings in fryer basket and flash fry for 3 minutes.
14. Toss with sauce.
15. Plate in a bowl with a swoosh of greek yogurt ranch and pickled celery.","Yield: 40 lb, Shelf Life: 1 Week"
"Dry Cure For Confit Wing Prep 'old'","Prep & Pantry","1 qt Kosher Salt
1 qt Brown Sugar
1/2 cup Chili Flakes","1. Whisk all together in mixing bowl.
2. Store in cambro with day dot or use immediately.",""
"Buffalo Sauce 'old'","Prep & Pantry","1 qt Moody Blue Cheese
1 gallon Frank's Red Hot Sauce
1 lb Butter, melted","1. Combine all in robocoop and blend till well combined.
2. Store in cambro with date dot in reach in cooler.",""
"Smoky BBQ Dry Rub 'old'","Prep & Pantry","2 cup Brown Sugar
2 cup Smoked Paprika
1/2 cup MSG
1/2 cup Garlic Powder
1/2 cup Onion Powder
1/2 cup Ground Black Pepper
1/2 cup Ground Ginger
1 tbsp Ground Cinnamon","1. Sift all together into a mixing bowl.
2. Press out any lumps left in sifter with rubber spatula.
3. Store in cambro and day dot.","Yield: 1 batch, Shelf Life: 1 Week"
"Pickled Celery 'old'","Prep & Pantry","4 bunch Celery shaved
2 qt Vinegar
2 qt Sugar
2 tbsp Pink Peppercorn
8 leaf Bay Leaf Dried
Salt And Pepper","1. Set mandolin to medium thickness.
2. Shave celery into biased U shaped pieces into a 1/2 pan. You can also slice with a knife on a thin bias. Comes out better with the mandolin.
3. Boil vinegar, sugar and spices.
4. Pour vinegar mixture over shaved celery and immediately cover with plastic wrap.
5. Allow mixture to steep for 1 hour.
6. Pour into cambro and day dot. Store in reach-in cooler.","Yield: 1 batch, Shelf Life: 1 Week"
"Gochujang BBQ 'old'","Prep & Pantry","2 qt Ketchup
2/3 cup Brown Sugar
1 cup Gochujang
1 cup Cider Vinegar
1/4 cup Worcestershire Sauce
32 Garlic, cloves
1 cup Soy Sauce sweet
1 cup Sesame Oil
1 cup Sesame Seeds","1. Combine all but sesame seeds in a sauce pan and simmer until well combined for approx 20 min.
2. Blend with immersion blender until smooth.
3. Add seeds and continue simmering for 10 min.
4. Cool date and store in reach in cooler in a green lid cambro.",""
"Smoked Bleu Cheese Buffalo 'old'","Prep & Pantry","1 gallon Frank's Red Hot Sauce
2 lb Butter
1/4 wheel Moody Blue Cheese","1. Simmer all together in a sauce pan until cheese is melted. Approx 20 min.
2. Blend with immersion blender till smooth. Chunks of blue cheese will get caught in the bottle if not smooth enough.
3. Cool, date, store in reach in cooler in red lid cambro.",""
"Confit Garlic 'old'","Prep & Pantry","1 Cont Peeled Garlic
1 gallon Olive Oil pomace","1. Combine garlic and oil in sauce pan and simmer on low until garlic is softened and just beginning to brown.
2. Strain garlic from oil.
3. Add oil to garlic oil in walk in.
4. Cool, date and store garlic in reach in.",""
"Pancetta 'old'","Prep & Pantry","1/2 Pancetta log, small dice","1. Peel plastic off pancetta.
2. Ensure there isnt another layer before taking to the slicer.
3. Slice 1/4 in thick slices on slicer.
4. Cut slices into strips of equal size of the slice.
5. Dice slices into small dice.
6. Par cook on the grill until fat begins to render.
7. Cool, date and store in reach-in in green lid cambro.",""
"Jalapeno Honey","Prep & Pantry","1 jug Honey 1 lb
12 Jalapeno washed
2 cups Garlic Cloves
to taste Salt And Pepper","1. Combine in sauce pan and simmer over low heat until jalapenos have softened. Approx 20 min.
2. Season mix while hot.
3. Strain honey from peppers.
4. Press peppers into strainer to get as much flavor as possible squeezed out.
5. Cool, date and store in reach-in cooler with green lid cambro.",""
"Calabrian Aioli 'old'","Prep & Pantry","1 gallon Mayo
1 cup Lemon, juice
1 qt Calabrian Chilies In Oil chiles, stems removed
6 Garlic, cloves
Salt And Pepper","1. Combine all but mayo in robocoop.
2. Blend until well combined and smooth.
3. Add mixture to a mixing bowl and mix in mayo.
4. Season to taste.
5. Date and store in reach in cooler in red lid cambro.",""
"Fritto Misto 'old'","Prep & Pantry","To prep:
1 bag Frozen Squid calamari
1 bag Bay Scallops frozen
2 cup Banana Peppers strained
2 qt Buttermilk
1 bag Shrimp frozen
Lemon sliced

For an order:
1 cup Fritto Misto mix
2 Shrimp
2 slice Lemon
Banana Peppers handful of
Herb Mix
to taste Salt And Pepper
Arugula small bed in bowl
1 ramekin Calabrian Aioli","1. Thaw seafood.
2. Combine squid and scallops in 1/3 pan with peppers and buttermilk.
3. Wrap it, date it, stick on pantry station.
4. Store squid and scallops in one 1/3 pan with 1/9 pan of banana peppers. Shrimp in another. Sliced lemons on the top rail.
5. For an order: 1 cup calamari mix. Few peppers. 2 shrimp. 2 lemon slices.
6. Dredge all in flour mix. (1 part flour 1 part corn starch, salt and pepper to taste).
7. Sieve excess flour then fry in fryer for 1 minute. Season with salt and pepper to taste.
8. Plate in bowl with a small bed of arugula garnished with herb mix. 1 ramekin of calabrian chile aioli.",""
"Mini Meatballs","Prep & Pantry","3 Onion minced
1 cup Roasted Garlic from dagnese's
20 pound Dry Aged Beef
1 Cont Ricotta Cheese
1 cup Herb Mix packed Italian
2 qt Liquid Egg Yolks brunch eggs
6 tsp Kosher Salt
2 tsp Ground Black Pepper freshly
1 qt Breadcrumbs dry crumbs
2 oz Dried Oregano
2 oz Dried Basil
1 cup Grated Parmesan
4 oz Chili Flakes","1. Sweat garlic and onion in a pan. add dried herbs and spices to waken them up.
2. Combine garlic, onion, veal, cheese, egg in a large mixing bowl till homogenous.
3. Add remaining ingredients and mix till combined
4. Scoop into 1/2 oz balls with pink scoop.
5. Roast in 500 degree oven for 8-10 min with fan.
6. Cool on a rack.
7. Date and store in shallow 1/3 pans on the line","makes ~700 meatballs"
"Ricotta","Prep & Pantry","4 gallon Milk whole
2 cup Distilled White Vinegar
2.5 tbsp Salt","1. Heat milk in rondo till it reaches a temperature of 185 f.
2. Cut heat and add vinegar, then give 1 good stir.
3. Keep milk at 185 as best you can for 20 min on low heat. you may have to turn off the heat to regulate.
4. After 20 min strain through a fine mesh sieve, reserving 1 qt of the liquid whey.
5. Turn strained cheese into a mixing bowl and ladle whey back into the cheese until it reaches a moist creamy consistency.
6. Cool on rack.
7. Date and store in green lid cambro in reach in cooler","Yield: 4 qt"
"Pomodoro","Sauces & Condiments","6 can Canned Tomato passata
2 lb Butter
5 large Onion rough chop
48 Garlic, cloves rough chopped
4 oz Dried Basil
4 oz Herb Mix
4 oz Chili Flakes from hot sauce in walk in cooler
to taste Salt after reduced
to taste Sugar after reduced
to taste MSG after reduced","1. Fry onion, garlic and chili flakes in large pot with garlic oil until begging to brown. You want these frying, not just simmering. It helps make it spicy.
2. Add dried herbs and spices fry for another minute.
3. Add tomatoes.
4. Simmer for an hour.
5. Blend with immersion blender.
6. Taste final product. add sugar and salt and msg to taste. You should be able to taste heat, sweetness, richness and be properly seasoned.
7. Cool. date and store in blue lid large cambro","Yield: 1 large cambro"
"Cilantro Slaw Mk1","Appetizers & Sides","2 qt Mayo
1 pint Lime, juice
1 cup Dijon Mustard
1/2 cup Ground Black Pepper
1.5 qt Sugar
3 bunch Cilantro chopped
3 tbsp Ginger dried","1. Whisk all till well combined.
2. Date and store in reach-in in a cambro",""
"Brussels Sprouts 'old'","Appetizers & Sides","18 ea Brussels Sprouts enough to fill the pan. face down
6 pc Confit Garlic
10 pc Pancetta par cooked
1 drizzle Jalapeno Honey
to taste Salt And Pepper
Garlic Oil enough to coat the bottom of the pan. no particles, they burn too fast.","1. Heat pan dry till white wisps of smoke emerge
2. Add garlic oil to pan. when oil shimmers and smokes add brussels. season with salt and pepper. shake pan/rearrange as many face down as possible.
3. Sear for 3-5 min
4. Add garlic and pancetta to the pan and continue to sauté until fragrant.
5. Plate in a brown crock, drizzle with jalapeno honey to serve.",""
"Dijonaise","Sauces & Condiments","1 gallon Mayo
1 qt Whole Grain Mustard
4 oz apple cider vinegar","1. Whisk till combined.
2. Store in cambro. date and place in reach in cooler.",""
"Corn Salsa","Appetizers & Sides","2 bag Frozen Corn THAWED
1 bunch Cilantro FRESH, CHOPPED
1 Onion, diced
6 Peppers CUBANELLE, CORED AND DICED
3 Peppers RED, DICED, FRESH OR CANNED
1/4 cup Garlic, minced
3 tbsp Cajun Seasoning
Cumin Seed
Cayenne
Chili Powder
Bottled Lime Juice
to taste Salt And Pepper","1. Combine all ingredients in mixing bowl.
2. Store in 10 qt cambro.
3. Date.",""
"Cilantro Lime Sour Cream","Sauces & Condiments","1 Cont Sour Cream
8 Lime juiced
1 bunch Cilantro chopped fine
to taste Salt And Pepper","1. Combine sour cream, cilantro and lime juice in bowl.
2. Whisk until well incorporated.
3. Store in green lid 4 qt cambro. label and store in reach in.",""
"Orecchiette 'old'","Mains & Entrees","to prep:
4 qt Orecchiette Pasta fresh
Salt
for an order:
1 cup Pasta par cooked
4 tbsp Butter
drizzle Garlic Oil
6 Brussels Sprouts chopped or use bags shake
1 pinch Calabrian Chilies In Oil
2 Anchovies In Oil
1 tbsp Herb Mix
pinch Parmesan
2 tbsp. Toasted Bread Crumbs
1/4 Focaccia toasted with garlic oil in oven
drizzle Extra Virgin Olive Oil
Micro Greens","to prep:
1. Bring water to boil in deep pot.
2. Season water till salty as the sea.
3. Par cook for 5 min.
4. Strain and shock with cold water.
5. Store in 1/3 pan. label and date.
for an order:
6. Saute brussels until caramelized. add chiles and anchovy and saute till fragrant.
7. Boil pasta at the same time. 1 minute drop time.
8. Toast focaccia in the oven with garlic oil. 3 min.
9. Combine pasta, pan ingredients, herb mix, parmesan, and EVOO. saute till emulsified.
10. Plate small and tall in bowl. garnish with focaccia, EVOO and microgreens.",""
"Campanelle, Prep 'old'","Prep & Pantry","Campanelle Pasta fresh
4 gt Salt","1. Bring water to boil in deep pot.
2. Season water till salty as the sea.
3. Par cook for 5 min.
4. Strain and shock with cold water.
5. Store in 1/3 pan. label and date.",""
"Toasted Bread Crumbs","Prep & Pantry","1 qt Panko bread crumbs
1 pinch Dried Basil
1 pinch Dried Oregano
1/4 cup Parmesan cheese
1 cup Butter","1. Melt butter.
2. Toast bread crumbs in butter until beginning to brown.
3. Add dried herbs and cheese.
4. Cool.
5. Label and store in qt container.",""
"Moules Marinière 'old'","Mains & Entrees","3 cup Mussels fresh
3 tbsp Butter
1 pinch Leeks sauteed leek mixture
6 clove Confit Garlic
1 heaping tbsp Dijonaise
1/3 btl Apple Cider hard cider
1 tbsp Salt And Pepper
1 tbsp Herb Mix
1 tbsp Lemon, juice","1. Toast focaccia in oven with garlic oil.
2. Saute leek mixture and garlic in butter until fragrant.
3. Add mussels to the pan and saute 1 minute.
4. Deglaze with cider.
5. Add dijonaise, salt and pepper, herbs, lemon to pan and reduce until mussels are opened and broth is thickened about 2-3 minutes.
6. Pile mussels small tall in a bowl. garnish with microgreens and focaccia.",""
"Crostacei Campanelle 'old'","Mains & Entrees","3 Shrimp
1 pinch Bay Scallops
1 pinch Lump Crab Meat
1 pinch Roasted Tomatoes
drizzle Garlic Oil
to taste Salt And Pepper
6 oz Pomodoro
1 cup Campanelle Pasta par cooked
Herb Mix
1/4 Focaccia
Micro Greens","1. Toast focaccia in oven with garlic and oil.
2. Get pan hot with garlic oil.
3. Saute shrimps and scallops for 1 min. add crab, saute another minute.
4. Deglaze pan with spicy pomodoro. add herb mix.
5. Boil pasta and add to pan and toss to combine.
6. Pile small and tall in bowl. garnish bowl with shaved piave, micro greens, focaccia and EVOO.",""
"Roasted Chicken 'old'","Mains & Entrees","for prep:
1 cs Chicken Breast airline
1 ea Brine For Chicken Old
for service:
1 pc Chicken
1/4 cup Quinoa
1/4 cup Spinach sauteed
4 oz Vegetable Stock
2 oz Lemon Butter lemon
Micro Greens","to prep:
1. Strain raw chicken.
2. Combine herb mix, garlic and oil, lemon juice and seasonings in a deep fish tub.
3. Mix chicken into marinate and let marinate for 1 day.
4. After marinate, grill 1/2 case at a time for 5 minutes, skin side down.
5. Place in hotel pan with marinade and roast for 8 min.
6. Cool on rack on sheet tray.
7. Store in 1/3 pan with juices.
8. Wrap and store on saute station.
for an order:
9. Grill chicken skin side down with a dome covering with water for steam. flip to other side after 3 min.
10. Saute quinoa and spinach with chicken stock until reduced.
11. Once chicken is 165 degrees, plate on white/pink plate. quina mound first, then spinach then chicken, skin side up.
12. Garnish with lemon butter and microgreens.",""
"Quinoa 'old'","Prep & Pantry","1 qt Quinoa Red dried red quinoa
9 cup Vegetable Stock","1. Bring stock to a boil.
2. Whisk in quinoa and bring back to boil.
3. Reduce to simmer and continue simmering until chicken stock is reduced. approx 20 min.
4. Cool on sheet tray on rack.
5. Store in shallow fish tub with date and label in reach in.",""
"Spinach","Appetizers & Sides","1 bag Spinach
1 cup Garlic Oil
to taste Salt And Pepper","1. Grill spinach on flat top with garlic oil until wilted.
2. Place in a steam tray lined half pan to drain excess moisture.
3. Cool on wrack.
4. Date label and store in cambro in reach in cooler.",""
"Pomme Frites","Appetizers & Sides","to prep
1 Potatoes case of at a time
for an order
1 handful Of Fries
1 ramekin Sriracha Mayo 
1 ramekin Ketchup ","to prep
1. Press potatoes through fry cutter.
2. Submerge potatoes in water so they do not oxidize.
3. Drain off enough potato to fill 2 1/3 pans.
4. Blanche both baskets at a time for 2 minutes.
5. Cool on sheet trays on wrack.
6. When cool to the touch transfer to a lidded bus tub.
7. Date/label and stick in walk in cooler.
for service
8. Fry blanched potatoes for 3 minutes until golden brown and crispy.
9. Toss with salt, pepper, truffle oil, parmesan and herb mix.
10. Plate in a mound in bowl with ramekin of sriracha mayo and ramekin of ketchup.",""
"Sriracha Mayo","Sauces & Condiments","2 gallon Mayo
1 cup Cajun Seasoning
1 btl Sriracha
to taste Salt And Pepper","1. Whisk all together in a mixing bowl.
2. Store/date/label in reach in cooler in red lid cambro.",""
"Baked Brie","Appetizers & Sides","for prep:
2 wheel Brie Cheese
4 sheet Puff Pastry
for an order:
1 pc Brie Cheese baked
2 oz Blueberries
2 Strawberries
handful Red Grapes, stems removed
1 ramekin Brandy glaze
1/4 box Raincoast Crisp","to prep:
1. Cut wheels of brie into 8 pieces each.
2. Cut sheets of puff pastry into 4 pieces each.
3. Wrap each piece of brie cheese individually with 1 piece of puff pastry, ensuring there are no places brie can leak through.
4. Individually wrap each piece of wrapped brie with plastic wrap and store in shallow fish tub.
5. Date and store on saute station.
for an order:
6. Unwrap brie from plastic and place in oven on sheet tray.
7. Bake for 3-4 minutes until color starts to develop.
8. Flip brie cheese over and allow to bake for another 5 minutes until golden brown and crispy.
9. Plate on oval plate with raincoast crisp crackers and 1 of each of the 3 fruits. top cheese with brandy glaze.",""
"Brandy Glaze","Sauces & Condiments","2 btl Brandy french
1 bag Brown Sugar
1 tbsp absorbic acid","1. Combine all in sauce pot.
2. Bring to a boil.
3. Warning it will catch fire!
4. Catch the vapor on fire with the flame on low to cook off alcohol.
5. Reduce until syrupy.",""
"Hot Crock","Appetizers & Sides","to prep:
4 cup Spinach raw rough chopped
1 can Artichoke hearts, drained, rinsed, chopped
3 Cream Cheese block softened
1 cup Red Bell Pepper, diced roasted
to taste Herb Mix
Salt And Pepper
1 cup Parmesan
1/2 cup Lemon, juice
for an order:
1 Crock c
1 pc Naan Bread
drizzle Olive Oil
sprinkle Herb Mix
sprinkle Toasted Bread Crumbs","to prep:
1. Soften cream cheese on oven or in microwave.
2. Combine all other ingredients in a mixing bowl and mix till homogenous.
3. Fold in cream cheese until well combined, no streaks of cream cheese visible.
4. Place in red lid cambro. scoop 3 2oz (blue) scoops per crock. spread even, wrap with saran wrap and store on saute station.
for an order:
5. Unwrap crock, sprinkle with toasted bread crumbs and parmesan cheese and drizzle with olive oil.
6. Bake for 5 minutes until bubbly and crispy.
7. Grill naan bread on flat top with garlic oil on both sides until crispy. cut naan in to 8 pieces.
8. Place crock on yellow plate with naan chips, olive oil and herbs.",""
"Korean Fried Chicken Sandwich 'old'","Mains & Entrees","to prep
1 Chicken Breast 6 oz breasts, pounded
sprinkle Cajun Seasoning
Chicken
Eggwash
Panko breadcrumbs
for an order
1 pc Hamburger Bun
2 oz Gochujang BBQ
4 Pickles
1 oz Sriracha Mayo
3 oz Cilantro Slaw","to prep
1. Drain chicken.
2. Pound chicken thin, coat with cajun seasoning.
3. Place neatly in 1/3 pan.
4. Wrap, date and store in fryer station.
for an order
5. Eggwash 1 piece of pounded chicken then dredge in panko.
6. Fry for 5 min or until 165 internal temp.
7. Toss in gochujang bbq sauce.
8. Plate on a bun with pickles and sriracha mayo on the bottom, slaw on the top. top sandwich with bun and stab with a paddle pick.",""
"Sundried Tomato Purée","Sauces & Condiments","1/3 bag Sundried Tomatoes BAG
1 qt Water HOT
1 tbsp Garlic
to taste Salt And Pepper","1. Soak tomatoes in water until soft, ~1 hour
2. Blend in robocoop until smooth with garlic and salt
3. Store and date in reach in cooler","N/A"
"Parmesan Citrus Vinaigrette 'old'","Sauces & Condiments","2 qt Olive Oil
2 cup Parmesan cheese
36 Anchovies In Salt filet
2 cup Lemon, juice frozen
1 cup Worcestershire Sauce
1/4 cup Dijon Mustard
to taste Salt And Pepper","1. Combine all but oil in robocoop until a thick paste is formed.
2. Slowly drizzle in oil until emulified
3. Label, date and store in reach in cooler","N/A"
"Hipster Mk.2","Prep & Pantry","8 Golden Beets roasted
8 Sweet Potato roasted
1/2 Cont Mushrooms sliced
4 Onion, diced white and sweated
2 Red Onion, diced and sweated
4 Jalapeno roasted
4 Cherries pepper
4 Calabrian Chilies In Oil chile
2 cup Sundried Tomato Purée
1 cup Garlic Oil
1 tbsp Ginger
to taste Salt And Pepper
to taste Panko bread crumbs","1. Blend all vegetables and seasonings together in robo coop
2. Move to mixing bowl, add enough panko bread crumbs till a 'dough' forms
3. Form patties, 2 heaping blue scoops per patty
4. Sear on flat top till golden on both sides
5. Cool on racks
6. Store 8pc per in a double gallon bags in freezer","N/A"
"Meat And Cheese Board  'old' 'plating'","Appetizers & Sides","3 ea Charcuterie slices or quenelles
3 ea Cheese portion
handful Sea Salt crisps
6 Cornichon
6 Dried Apricots
2 oz Marcona Almonds
2 oz Figs fig jam spread
1 pc Focaccia","1. Toast focaccia slice in oven
2. Assemble meat and cheese board on board with tile
3. Start with meats, then cheeses, cornichons, apricots, crackers, fig, almonds, focaccia
4. Meats need to be assembled, usually folded in half and neatly layed out
5. Quenelle of fig spread and any spreadable meat or cheese that may be in rotation at the time","N/A"
"Focaccia  'old' 'plating'","Breads & Doughs","6 sheet Focaccia (to prep)
1 pc Focaccia (to order)
Garlic Oil
Herb Mix
Extra Virgin Olive Oil EVOO","1. Slices half sheet tray in half long ways
2. Slices long pieces in 3 to get 6 pieces per half sheet
3. Wrap all pieces in plastic wrap
4. Unwrap focaccia and place in the oven
5. Drizzle with garlic and oil
6. Toast in the oven for 3 min until golden
7. Slice into 4 pieces for an order
8. Plate on oval plate, slices shingled, with EVOO and herb mix","N/A"
"Cantine Pizza 'old' 'plating'","Mains & Entrees","1 pc Focaccia of butterflied
Garlic Oil
8 pc Roasted Tomatoes devina
4 oz Shredded Mozzarella
handful Arugula
Garlic Oil
Red Onion shaved
Parmesan cheese","1. Butterfly focaccia so that you have half of the piece
2. Use half piece as crust
3. Drizzle garlic and oil onto crust
4. Top with tomatoes
5. Top with cheese
6. Bake in oven until cheese has some color
7. Slice into 4 triangles, serve on brown plate
8. Toss arugula and onion in garlic and oil
9. Sprinkle parmesan
10. Plate on pizza small and tall","N/A"
"Lit Burger 'old' 'plating'","Mains & Entrees","1 Burger Patty 8oz split in half
2 slice Cheese american
1 tbsp Dijonaise
4 Pickles
Pomme Frites
1 slice Bacon possible addon
1 Egg possible addon, fried over easy
1 ramekin Sriracha Mayo","1. Place unopened package on counter and place your weight on it to flatten
2. Use pairing knife to open package
3. Split patty in 2, season heavily with salt and pepper
4. Grill patties for ~2 min
5. At the same time, dry toast bun on the grill until crunchy
6. Place bun on brown plate, button up top down. Smear dijonaise on botton and top with pickles.
7. Flip patties and crush with steak weights until you can see lattice through the grill. Super crushed
8. When patty is cooked through, flip and cheese
9. When cheese is melted, stack patties and plate on bun
10. Top with egg and bacon if needed
11. Plate with 1 handful of pomme frites and 1 ramekin sriracha mayo","N/A"
"Focaccia Scratch","Breads & Doughs","4.8 kg Flour All-Purpose
3.74 kg Water 78% hydration
48 g Instant Yeast
48 g Sugar
96 g Salt
144 Cont Extra Virgin Olive Oil g for the dough + extra for drizzling and lining
32 Clove Garlic: thinly sliced
to taste Rosemary Fresh A few sprigs, chopped
Maldon Salt","1. Step 1: Autolyse
2. Mix flour and water: In the bowl of the Hobart mixer, combine all-purpose flour and water. Stir gently until just combined without kneading.
3. Rest: Let the mixture rest for 30 minutes to allow the flour to fully hydrate and begin gluten development naturally.
4. Step 2: Proof the Yeast
5. Prepare yeast mixture: While the flour and water are resting, mix the instant yeast, sugar, and a small portion of the warm water (taken from the total water amount) in a separate bowl. Wait for the mixture to become frothy, indicating that the yeast is active.
6. Step 3: Mix the Dough
7. Add yeast mixture: After the autolysing period, add the frothy yeast mixture to the dough.
8. Add olive oil and salt: Include the olive oil and salt.
9. Mix: Start mixing on a low speed to incorporate all ingredients until the dough starts to come together.
10. Step 4: Knead
11. Kneading: Increase the speed to medium and knead the dough for 8-10 minutes until smooth and elastic.
12. Step 5: First Proof
13. Bulk fermentation: Transfer the dough to large, oiled Cambro containers. Cover and let it rise in a warm, draft-free area until doubled in size, about 1.5 to 2 hours.
14. Step 6: Prepare for Baking
15. Oil and shape: Liberally oil two large sheet trays. Gently deflate the dough and divide it evenly between the trays.
16. Second proof: Allow the dough to rise uncovered for about 40 minutes until puffy.
17. Step 7: Dimple and Top
18. Dimpling: Using your fingertips, make deep dimples evenly across the surface of the risen dough.
19. Add toppings: Drizzle with more olive oil, then sprinkle evenly with the sliced garlic, chopped rosemary, and Maldon salt.
20. Step 8: Bake
21. Preheat oven: Preheat your oven to 500°F (260°C) with the fan on.
22. Baking: Bake the focaccia for about 15 minutes, until the middle begins to brown and the crust is crisp.
23. Step 9: Cooling and Storage
24. Cool: Remove the focaccia from the oven and let it cool on a wire rack for at least 10 minutes.
25. Cut and wrap: Once cooled completely, cut the focaccia into squares, wrap each square in plastic wrap, and label with a date sticker.
26. Store: Place the wrapped focaccia in the cooler above the freezer door.","N/A"
"Cauliflower Batter 'old'","Prep & Pantry","2 cup Starch
2 tbsp All Purpose Flour
2 tsp Corn
2 tsp Baking Powder
1 tsp Paprika
1 tsp Garlic Powder
1 tsp Onion Powder
1/2 tsp Salt
Ground Black Pepper
1 1/2 cup Beer or beer for a richer flavor","1. Whisk together dry ingredients.
2. Whisk liquids into dry mix.
3. Store in 1/3 pan on the line
4. Dispose of at end of night.","N/A"
"Hummus 'old'","Sauces & Condiments","1 #10can Canned Chickpeas
2 cup Water
2 cup Olive Oil
2 cup Tahini
6 Lemon, juice
12 Garlic, cloves
tsp Kosher Salt
4 tsp Ground Cumin","1. Drain and rinse the chickpeas from the #10 can. Submerge beans in water in a bus tub. Rub beans between your hands to shake skins off. These skins will float to the top of the water and should be poured/skimmed out.
2. In a food processor or blender, combine the chickpeas, water, lemon juice, garlic, salt, and cumin, 2 batches per can.
3. Blend the mixture until smooth and creamy. You may need to stop and scrape down the sides of the processor or blender a few times to ensure even blending. Scrape out into a bowl and use a whisk to combine with oil and tahini.
4. Store and date.","N/A"
"Chickpea Fritters","Prep & Pantry","1 #10can Canned Chickpeas, drained
1 large Onion roughly chopped
6 Garlic, cloves of minced
1 cup Parsley, chopped fresh
1 cup Cilantro, chopped fresh
1/2 cup All Purpose Flour
4 tsp Ground Cumin
2 tsp Ground Coriander
2 tsp Baking Powder
2 tsp Salt adjust to taste
1 tsp Ground Black Pepper","1. In a food processor, combine the drained and rinsed chickpeas, onion, garlic, parsley, cilantro, flour, cumin, coriander, baking powder, salt, and black pepper.
2. Pulse the mixture until well combined, but still slightly coarse. You want some texture in the falafel mixture.
3. Transfer the falafel mixture to a bowl, cover, and refrigerate for 1-2 hours to allow it to firm up.
4. After chilling, shape the mixture into small patties or balls, about 1 1/2 inches in diameter.","N/A"
"Pimento Cheese Spread","Sauces & Condiments","64 ounce Smoked Cheddar cheese, grated, 4 pounds
32 ounce Cream Cheese softened, 2 pounds
1 cup Mayo
1 cup Roasted Red Peppers
2 tsp Garlic Powder
2 tsp Onion Powder
2 tsp Smoked Paprika
to taste Salt And Pepper Salt and black pepper","1. In a large mixing bowl, combine the grated smoked cheddar cheese, softened cream cheese, mayonnaise, diced pimentos, garlic powder, onion powder, and smoked paprika.
2. Mix well until all the ingredients are thoroughly combined and the mixture is smooth and creamy.
3. Date and store in reach in cooler","N/A"
"Charred Tahini","Sauces & Condiments","2 cup Tahini
1/2 cup Lemon, juice about 4 lemons
4 Garlic, cloves minced
1/2 cup Olive Oil extra-virgin
1/4 cup Water
2 tsp Ground Cumin
1 tsp Smoked Paprika
to taste Salt
1/4 cup Toasted Sesame Seeds and charred
as needed Water","1. In a dry skillet over medium heat, toast the sesame seeds until golden brown, stirring frequently to prevent burning. This should take about 3-5 minutes. Remove from heat.
2. Transfer the toasted sesame seeds to a small bowl and let them cool for a few minutes.
3. In a mixing bowl, combine the tahini, lemon juice, minced garlic, olive oil, water, ground cumin, smoked paprika, and a pinch of salt. Mix well until all the ingredients are thoroughly combined.
4. Add the toasted and cooled sesame seeds to the mixture and stir until they are evenly incorporated.
5. Add water and blend until thin consistency.","N/A"
"Sesame Gastrique","Sauces & Condiments","2 cup Granulated Sugar
1 cup Rice Vinegar
1/2 cup Soy Sauce
1/2 cup Water
4 tbsp Toasted Sesame Oil
4 tbsp Sesame Seeds
2 tsp Corn Starch","1. In a saucepan, combine the granulated sugar, rice vinegar, soy sauce, water, toasted sesame oil, and sesame seeds.
2. Place the saucepan over medium heat and stir until the sugar has dissolved.
3. Continue to cook the mixture over medium heat, stirring occasionally, until it reaches a simmer.
4. Reduce the heat to low and let the sauce simmer gently for about 10-15 minutes, allowing the flavors to meld together.
5. To thicken sauce, mix the cornstarch with a small amount of water to create a slurry. Gradually add the slurry to the sauce, stirring continuously, and cook for an additional 1-2 minutes until the sauce thickens slightly.
6. Remove the sauce from heat and let it cool down.","N/A"
"Giardiniera","Prep & Pantry","1 cs Cauliflower Florets better to do them seperately
1 cup Carrots, sliced
1 cup Celery sliced
1 cup Bell Pepper sliced, assorted colors
1 cup Peppers sliced jalapeño, adjust quantity for desired spiciness
1 cup Green Olives sliced
1 cup Pepperoncini sliced peppers
4 Garlic, cloves minced
1 tbsp Dried Oregano
1 tbsp Dried Basil
1 tsp Red Pepper Flakes adjust quantity for desired spiciness
2 cup Distilled White Vinegar
1 cup Water
2 tbsp Granulated Sugar
2 tsp Salt","1. In a large bowl, combine the cauliflower florets, sliced carrots, sliced celery, sliced bell peppers, sliced jalapeño peppers, sliced green olives, sliced pepperoncini peppers, minced garlic, dried oregano, dried basil, and red pepper flakes.
2. In a saucepan, combine the white vinegar, water, granulated sugar, and salt. Bring the mixture to a boil over medium heat, stirring until the sugar and salt are dissolved.
3. Pour the hot vinegar mixture over the vegetable mixture in the bowl. Stir well to ensure all the vegetables are coated.
4. Cover the bowl with plastic wrap and let the giardiniera marinate at room temperature for 2 hours.","N/A"
"Confit Potatoes","Appetizers & Sides","3 pound Small Pearl Potatoes
2 cup Duck Fat enough to fully submerge the potatoes
4 clove Garlic, cloves smashed
4 sprig Thyme fresh
to taste Salt And Pepper","1. Place the small pearl potatoes in a hotel pan
2. Add the smashed garlic cloves and fresh thyme sprigs to the dish.
3. Season with salt and pepper to taste.
4. Heat the duck fat in a saucepan over low heat until melted and warmed through.
5. Pour the melted duck fat over the potatoes, ensuring that they are fully submerged.
6. Cover the dish or Dutch oven with a lid or aluminum foil.
7. Transfer the dish to the preheated oven and cook for approximately 1.5 to 2 hours, or until the potatoes are tender when pierced with a fork.
8. Remove the dish from the oven and let the potatoes cool in the duck fat for about 10 minutes.
9. Gently remove the potatoes from the duck fat and transfer them to a sheet tray to cool, discarding the garlic and thyme sprigs.","N/A"
"Agrodolce","Sauces & Condiments","8 cup Beef demi-glace
2 cup Red Wine Vinegar
1 cup Honey
1/4 cup Brown Sugar
2 tbsp. Dijon Mustard
2 tsp (Dried Thyme)
to taste Salt And Pepper","1. In a large saucepan, combine the beef demi-glace, red wine vinegar, honey, brown sugar, Dijon mustard, and dried thyme.
2. Place the saucepan over medium heat and stir well to combine all the ingredients.
3. Bring the mixture to a simmer and let it cook for about 10-15 minutes, stirring occasionally, until the sauce has slightly thickened.
4. Season with salt and pepper to taste.
5. Remove the saucepan from the heat and let the agrodolce cool for a few minutes.
6. Cool, date and store","N/A"
"Thai Coconut Broth'","Soups & Salads","4 can Coconut Milk #10 can scoop top layer of oil for frying.
8 cup Chicken Stock
4 tbsp Ginger dried
8 Lime
4 tbsp Red Curry Paste Thai
4 tbsp Fish Sauce
4 tbsp Lime, juice
4 tbsp Palm Sugar brown sugar or
2 tsp Chili Flakes adjust to taste
4 Onion, sliced","1. In a large pot, fry onions in the top layer of coconut milk(coconut oil). Allow onion to brown. Add lime zest, dried ginger, Thai red curry paste, fish sauce, lime juice, brown sugar, and chili flakes. Fry till fragrant.
2. Add chicken stock
3. Place the pot over medium heat and bring the mixture to a simmer. Allow it to simmer for about 15 minutes to let the flavors meld together.","N/A"
"Italian Beef Sandwich","Mains & Entrees","1 roll Ciabatta
8 ounce Beef Ribeye shaved steak
1/4 cup Giardiniera sliced, pickled vegetable mix
2 slice Smoked Mozzarella cheese
1/2 cup Beef au jus, for dipping","1. Slice the ciabatta roll horizontally, creating a top and bottom piece for the sandwich.
2. Oil the grill with garlic oil
3. Season the shaved ribeye steak with salt and pepper.
4. Place the ribeye steak on the grill and cook for a few minutes on each side until browned and caramelized. Remove the steak from the heat and set it aside.
5. Place the ciabatta roll, cut sides down on the grill. Grill for a few minutes until the bread is toasted
6. Remove the bread from the grill and assemble the sandwich. Place the grilled ribeye steak on the bottom half of the ciabatta roll, followed by the sliced giardiniera and the smoked mozzarella cheese.
7. Place the assembled sandwich back on the grill and cover it with a lid to help melt the cheese. Grill for a few minutes until the cheese is melted and bubbly.","N/A"
"Grilled Cheese 'old'","Mains & Entrees","0.67 loaf Focaccia
3 slice Aged Cheddar sliced
1 pack Brie Cheese
1 tbsp Fig Jam
Arugula same salad on pizza/steak
Garlic Oil Fresh
sprinkle Parmesan","1. Cut a portion of bread off of one full piece of focaccia. Enough for an order of pasta and set aside. Slice the remaining chunk of focaccia in half hamburger style.
2. Use grill butter on grill and fry bread, open crumb of bread facing down. The sandiwch will be served ""inside out"". The open crumb will be on the outside of the sandwich once completed.
3. Place the assembled sandwich on a baking sheet and put it in the oven until the cheese is melted and bubbly, keeping a close eye on it to prevent burning.
4. Once the cheese has melted, remove the sandwich from the oven and let it cool for a minute.
5. Add a handful of arugula salad on top of the melted cheese side of the sandwich.
6. Close the sandwich by placing the crispy bread side on top of the greens.
7. Slice the grilled cheese sandwich on a bias, ensuring each slice has a perfect combination of crispy bread, melted cheese, and fresh greens.","N/A"
"Bravas Aioli","Sauces & Condiments","4 cup Mayo
1/2 cup Pomodoro spicy, cold
1/4 cup Hot Sauce
2 tbsp Smoked Paprika
2 tbsp Garlic Powder
1/4 cup Lemon, juice
to taste Salt And Pepper","1. In a large bowl, combine the mayonnaise, tomato paste, hot sauce, smoked paprika, garlic powder, and lemon juice.
2. Stir well until all the ingredients are thoroughly combined.
3. Taste the aioli and adjust the seasoning with salt and pepper according to your preference.
4. Date and store in reach in","N/A"
"Herb Butter","Sauces & Condiments","1 cup Unsalted Butter softened
2 tbsp Chives fresh finely chopped
1 tbsp Rosemary fresh finely chopped
to taste Salt","1. In a mixing bowl, add the softened butter, chopped chives, and chopped rosemary.
2. Season with salt to taste.
3. Using a spatula mix all the ingredients together until well combined.
4. Once thoroughly mixed, transfer the butter onto a sheet of plastic wrap
5. Roll the butter into a log shape, twisting the ends of the wrap to secure it.
6. Refrigerate the infused butter for at least 1 hour to allow the flavors to meld and the butter to firm up.
7. When ready to use, remove the butter log from the refrigerator and slice it into discs.","N/A"
"Pistachio Gremolata","Prep & Pantry","2 cup Pistachios shelled finely chopped
4 Lemon, zest
1/2 cup Parsley fresh finely chopped
4 Garlic, cloves minced
to taste Salt And Pepper","1. In a bowl, combine the finely chopped pistachios, lemon zest, chopped parsley, and minced garlic.
2. Mix well until all the ingredients are evenly distributed.
3. Season with salt and pepper to taste.","N/A"
"Pork Ribs","Mains & Entrees","8 Baby Back Ribs slabs
3 qt Brown Sugar
1 qt Salt And Pepper
1 qt Red Curry Paste
as needed Water
1 portion Pork Ribs braised
1 drizzle Fish Sauce Caramel Caramel
1 tbsp Peanuts Shelled Roasted
1 handful Mint, chiffonade
2 oz Onion Straws
Cilantro Slaw Mk1","To prep
1. Portion out the ribs into 2 bone sections.
2. Toss 2-bone sections with sugar/curry dry rub, making sure to massage well enough so that the sugar sticks.
3. Place into hotel pans, bones down.
4. Cover halfway up ribs with water.
5. Wrap with saran wrap then foil.
6. Bake in 300 degree oven 2 hours.
7. Remove cover and allow to cool in cooler.
8. Wrap 2 portions of 2-bones in saran wrap, place in 1/3 pan.
9. Date and place one in cooler on sautee station, the other in the walk in cooler.
Per order
10. Unwrap ribs, place on sizzle platter with 1 ladle of chicken stock and a drizzle of thai glaze.
11. Roast in oven till water evaporates and sauce caramelizes.
12. Baste ribs with excess sauce.
13. Garnish with chopped peanuts.
14. Plate on long app plate, mound of coleslaw on the left, ribs fanned around. A pile of onion straws tossed with chives, droops down the other side.
15. Whole plate is garnished with more peanuts and mint chiffonade.","N/A"
"Risotto Base","Prep & Pantry","70 oz Arborio Rice 2 boxes
8 oz Chicken Base
1 qt White Wine
8 oz Shallot minced
4 oz Garlic minced
1.5 gallon Water hot to use as broth
2 cup Heavy Cream","1. Prep: In a pan, sauté minced shallots and garlic in oil/butter until translucent.
2. Rice: Add Arborio rice to the pan and toast briefly. Add chicken base and toast. Pour in white wine and stir continuously until mostly evaporated.
3. Risotto: Gradually ladle in broth to the rice, stirring frequently after each addition until absorbed. Continue this process until the rice is al dente. Mix in heavy cream until desired consistency.
4. Cooling: For storage, spread the risotto on a sheet tray in a thin layer. Allow to cool to room temperature, then transfer to the refrigerator. This method ensures that the rice stops cooking and retains its texture.
5. Storing: After cooling, place risotto in an airtight container in the fridge. This mix is used for the Risotto entrée and the arancini.
6. Reheating: To serve, take the needed portion of risotto and place in a pan after your veggies have been sautéed. Add a bit of broth and gently heat, stirring constantly, until you achieve the desired temperature and creaminess.","N/A"
"Arancini","Appetizers & Sides","1/2 batch Risotto Base
4 Burrata balls
as needed Breadcrumbs
to taste Salt And Pepper
1 cup Parmesan
1 cup Herb Mix","1. Burrata integration: Gently break apart the burrata balls and fold them into the cooled risotto. Mix until the creamy center of the burrata is evenly distributed and you have a consistent mixture. Mix in Parmesan and Herb Mix.
2. Scoop and shape: Use a blue scoop to form the mixture into even-sized balls
3. Coating: Roll each arancini ball in panko breadcrumbs until thoroughly coated
4. Frying: Heat oil in a deep-fryer. Fry arancini until golden brown. It should take about 4-5 minutes for each order.
5. Plating: 6 oz ladle of pomodoro, in a brown crock. Top with piave and a piece of fried basil.","N/A"
"Piri Piri Calamari 'old' 'plating'","Prep & Pantry","1 cup Calamari rings and tentacles:, from your prepped 1/3 pan
as needed Flour Seasoned, salt, pepper, and any other preferred seasonings
2 oz Piri Piri sauce
1 heaping tbsp Celery Chow Chow Chowchow: for garnish
1 sprinkle Crumbled Blue Cheese
1 pinch Arugula of for plating","1. Dredging: Toss the calamari in the seasoned flour until each piece is evenly coated.
2. Frying: Drop the dredged calamari into the deep fryer set at 350°F Fry until they are golden and crispy, typically about 2-3 minutes.
3. Tossing: Transfer the calamari directly to a mixing bowl and toss with your desired amount of Piri Piri sauce until well coated.
4. Plating: Lay some arugula in a bown, place the sauced calamari on top. Garnish with a spoonful or two of Celery Chowchow and a sprinkle of bleu cheese crumbles.
5. None","N/A"
"Celery Chow Chow","Sauces & Condiments","16 stalk Celery cups, finely diced
2 Red Bell Pepper finely diced
2 White Onion finely diced
4 cup Cider Vinegar Apple
2 cup Granulated Sugar
4 tsp Yellow Mustard Seed
2 tsp Turmeric Powder Ground
2 tsp Salt","1. Preparation: Dice celery, red bell peppers, and white onions.
2. Cooking: In a large saucepan, combine apple cider vinegar, granulated sugar, mustard seeds, turmeric, and salt. Bring to a simmer.
3. Adding vegetables: Once simmering, add the diced vegetables. Cook for 10 minutes, ensuring they soften yet retain a slight crunch.
4. Cooling: Remove from heat and allow to cool to room temperature.
5. Storage: Transfer to jars and store in the refrigerator.","N/A"
"Piri Piri Buffalo 'old'","Sauces & Condiments","20 Red Bell Pepper cleaned, seeded, chopped
1 lb Butter cut in 2, one for sauteeing one for blending
1 cup Lemon, juice
1/2 cup Cider Vinegar Apple
10 Garlic, cloves minced
2 tsp Cayenne Ground Pepper, adjust as needed
2 tbsp Paprika
1 tbsp Dried Oregano
2 tsp Salt
1 tsp Ground Black Pepper
1 cup Ranch dagneses ranch
1 cup Frank's Red Hot Sauce canned?","1. Sauté peppers in half the butter until soft (8-10 min). if using canned peppers skip to step 3
2. Add garlic, sauté 2-3 min.
3. Blend all ingredients until smooth. Strain out large bits. Add Franks red hot and Dagneses Ranch and mix well
4. Store in a cool place.","N/A"
"Harissa Yogurt","Sauces & Condiments","2 qt Yogurt Plain
0.5 Cont Harissa Paste
to taste Salt
2 ea Lime, juice","1. Whisk yogurt and harissa together until smooth.
2. Season with salt and lime juice.
3. Chill until serving.","N/A"
"Thai Umami Glaze","Sauces & Condiments","3 lb Sugar
1 qt Water
0.5 qt Fish Sauce
2 tbsp Red Pepper Flakes
8 Garlic, cloves Minced
Lime, zest
Lime, juice","1. Dissolve sugar in water over medium. Boil to deep amber.
2. Add fish sauce, pepper flakes, garlic.
3. Off heat, stir in lime zest and juice. Cool.","N/A"
"Mushroom Risotto 'old' 'plating'","Mains & Entrees","6 oz Risotto Base
1.5 oz Mushroom Mix Wild, sliced
Garlic Oil and oil for sauteing mushrooms
1 pinch Calabrian Chilies In Oil diced
drizzle Truffle Oil A, about 0.25 oz or to taste
Salt And Pepper To taste
Arugula A pinch
drizzle Basil Oil","1. In a sauté pan, heat a small amount of garlic oil over medium heat.
2. Add the sliced wild mushrooms, diced pickled cherry peppers and confit garlic. Sauté until mushrooms release their moisture and become golden.
3. Add the 6 oz of prepared base risotto to the pan, stirring to combine.
4. Add a little stock to reach the desired consistency.
5. Season with salt and pepper.
6. Just before serving, drizzle in the truffle oil and stir well to incorporate.
7. Plate the risotto, garnish with a pinch of fresh arugula and a drizzle of basil EVOO.","N/A"
"Basil Oil 'old'","Sauces & Condiments","4 cup Basil, leaves fresh loosely packed
32 ounce Extra Virgin Olive Oil 1 quart","Blanch the basil
1. Start by blanching the basil leaves briefly. Bring a large pot of water to a boil, and prepare a bowl of ice water.
2. Submerge the basil leaves in the boiling water for about 10-15 seconds or until they turn bright green.
3. Quickly transfer the blanched basil to the ice water to stop the cooking process. This helps preserve the bright green color.
Dry the basil
4. Remove the blanched basil leaves from the ice water and gently pat them dry with a clean kitchen towel or paper towels.
Blend basil and olive oil
5. In a high-speed blender or food processor, combine the blanched basil leaves and extra virgin olive oil.
6. Blend until you have a smooth and vibrant green mixture. This may take a minute or two.
Strain the basil oil
7. Place a fine-mesh strainer or cheesecloth over a clean bowl or jug.
8. Pour the blended basil and olive oil mixture through the strainer to remove any solid pieces, leaving you with smooth basil oil.
Transfer to a container
9. Carefully pour the strained basil oil into a sterilized quart-sized glass bottle or container.","N/A"
"Shrimp Linguine","Mains & Entrees","4 Shrimp
5 White Wine
2 oz Roasted Tomatoes A handful
3 oz Chicken Stock
1 tsp Lemon, juice
1 tbsp Butter
1 oz Parmesan oz, grated
6 oz Linguine oz, cooked al dente
Salt And Pepper To taste
Olive Oil or butter: For sautéing","1. In a sauté pan, heat olive oil or butter over medium-high heat.
2. Add shrimp and sauté until pink and almost fully cooked.
3. Add the roasted tomatoes, stirring gently to combine.
4. Deglaze the pan with white wine, scraping up any flavorful bits from the bottom of the pan.
5. Pour in chicken stock and lemon juice.
6. Reduce heat to medium and let it simmer until the liquid is reduced by about half.
7. Add butter and grated parmesan, stirring until both are melted and the sauce thickens slightly.
8. Toss in cooked linguine, ensuring the pasta is well coated with the sauce.
9. Season with salt and pepper to taste.
10. Plate and serve immediately. Garnish with herbs, parmesan and bread","N/A"
"Confit Tomato","Prep & Pantry","12 Heirloom Tomato roma or
1 tbsp Dried Basil
1 tbsp Dried Oregano
1 tbsp Red Pepper Flakes
to taste Salt And Pepper
6 Bay Leaf Dried
Vegetable Oil enough to cover
24 clove Garlic","1. Core tomatoes
2. Place tomatoes, garlic, bay leaf in hotel pan flat side facing up
3. Mix spices together and season tomatoes with resulting mix
4. Pour enough oil to cover tomatoes
5. Bake off in oven at 500 for 25 min. should be tender to a knife","N/A"
"Chimichurri","Sauces & Condiments","3 bunch Parsley of stemmed and roughly chopped
3 bunch Cilantro of stemmed and roughly chopped
3 Shallot roughly chopped
1 tbsp Cumin Seed
3 Jalapeno jalapeños, seeded
6 Clove garlic peeled
1 tsp Crushed Red Pepper
8 Lime, juice
to taste Salt And Pepper S+PTT
1 qt Vegetable Oil of pomace","Prep ingredients
1. Remove stems from all herbs.
2. Prep the jalapeños by slicing in half lengthwise and removing the seeds to reduce the heat.
Blend herbs, alliums, & spices
3. In a food processor or blender, combine the parsley, cilantro, shallots, jalapeños, garlic, cumin, and crushed red pepper. Blend until the mixture is finely chopped but not entirely puréed.
Add lime juice
4. Pour in the lime juice and blend again to combine.
Incorporate the oil
5. With the blender or food processor running on a low setting, slowly drizzle in the oil. This will emulsify the mixture, turning it into a smooth, sauce-like consistency.
Season & adjust
6. Season the mixture with salt and pepper. Taste and adjust accordingly
Store & serve
7. Transfer to an airtight container and store in the refrigerator until ready to use.","N/A"
"Pork Shoulder With Grits","Mains & Entrees","4 oz White Grits
1 ea Salad For Pork
4 oz Verjus Glaze 1
1 pc Confit Pork","To finish
1. Sear pork in a pan with garlic oil, deglaze with verjus and baste pork till 155 internal temp. add grapes to pan in last few minutes
2. Mix arugula, pistachios, and grapes with lemon juice and olive oil for salad.
3. Serve pork over a smear of grits, garish with salad leaves on top, drizzle with saba, and accompany with White Grits.","N/A"
"Verjus Glaze 1","Sauces & Condiments","1 cup Honey
1 Bay Leaf Dried
1 1/2 qt Verjus
1 qt Chicken Stock or
3 Thyme, sprig
2 tsp Red Pepper Flakes","1. Simmer honey, bay leaf, thyme, and red pepper flakes, add verjus and stock, reduce to 3 cups.
2. Set aside 2 cups for pork, reserve 1 cup. Lasts up to 1 week.","N/A"
"Confit Pork","Prep & Pantry","1 tbsp Fennel Seed
2 tsp Annatto Seed
1 1/2 tsp Black Peppercorns
1 1/2 tsp Spanish Paprika
1 1/2 tsp Red Pepper Flakes
1/2 cup Light Brown Sugar firmly packed
1/2 cup Salt
1 pound Pork Shoulder","1. Mix spice blend with sugar and salt, rub onto pork, refrigerate for 24/48 hours.
2. Rinse pork, pat dry, preheat oven to 300F, cover pork in lard, and cook for 2.5 hours until tender.
3. Strain from lard and let cool. place in 1/3 pan for service","N/A"
"White Grits","Appetizers & Sides","3 qt Water whole
1 qt Heavy Cream
1 qt Grits white, we like Geechie Boy Mill
drizzle Saba
1/2 cup Unsalted Butter
1 Lemon, juice
Salt And Pepper
Tabasco Sauce","1. Simmer water and cream in a saucepot, whisk in grits, reduce heat, and cook for 30 minutes until tender.
2. Stir in butter, lemon juice, salt, pepper, and Tabasco.
3. Fill have a 1/6 pan for service
4. Cool any extras on sheet tray and store in 1/6 pan hot well for service","N/A"
"Salad For Pork","Prep & Pantry","small Arugula handful of
4 Green Grapes, stems removed halved
Lemon, juice
Extra Virgin Olive Oil evoo
Salt And Pepper","1. Combine all in a bowl and use as garnish for pork and grits","N/A"
"Chashu Miso Ramen","Soups & Salads","3 pound Pork Ribs dont worry about the rib marinate. just brown and place in stock pot
1 cup Chicken Base
2 tbsp Vegetable Oil
1 large Onion skin on, roughly chopped
12 Garlic, cloves
3 inch Ginger One knob roughly chopped
2 dzn Scallions white parts only, reserve greens and light green parts for garnishing finished soup
6 ounce Cremini Mushrooms whole mushrooms or mushroom scraps, such as cremini","N/A","N/A"
"Verjus Glaze","Sauces & Condiments","For Glaze
2 cup Honey
2 Bay Leaf Dried
3 qt Verjus
2 qt Chicken Stock or
6 sprig Thyme
1 tbsp 1 tsp Red Pepper Flakes","N/A","N/A"
"Brine For Chicken Old","Prep & Pantry","8 cup Water
1/2 cup Kosher Salt
0.33 cup Sugar
2 Lemon, juice The zest and of
2 Lime, juice The zest and of
1 Orange Juice The zest and juice of orange
4 Garlic, cloves smashed
1 tbsp Black Peppercorns
1 small Chives bunch
1 small Rosemary bunch
1 small Parsley bunch
2 Bay Leaf Dried leaves","1. Combine the brine ingredients: In a large pot, combine the water, salt, and sugar. Warm over medium heat, stirring, until the salt and sugar dissolve completely.
2. Add citrus and herbs: Remove the pot from the heat. Add the lemon, lime, and orange zest and juice, along with the garlic, peppercorns, thyme, rosemary, parsley, and bay leaves.
3. Cool the brine: Allow the brine to cool to room temperature. To speed up the process, you can place the pot in an ice bath.
4. Brine the chicken: Once the brine is completely cool, add the chicken pieces ensuring they are fully submerged. Cover and refrigerate for 12 to 24 hours, depending on the size of the chicken pieces.
5. Prepare for cooking: After brining, remove the chicken from the brine, rinse under cold water, and pat dry with paper towels.","Yield: 2 Quarts"
"Black Garlic Mustard","Sauces & Condiments","1 cup Black Garlic
1.5 cup Mustard Seed whole, mix of yellow and brown
2 cup Cider Vinegar apple
1 cup Water adjust for desired consistency
2 tbsp Honey
2 tsp Salt","1. Blend the black garlic cloves in a food processor until smooth.
2. Mix the mustard seeds and vinegar in a bowl, cover, and let them soak overnight. or use tub mustard from walkin
3. Add the soaked mustard seeds and vinegar, black garlic paste, water, honey, and salt to a bowl and whisk to combine
4. Transfer to cambro","N/A"
"Balsamic Pearls","Prep & Pantry","2 cup Balsamic Vinegar
4 tsp Agar Agar powder
Vegetable Oil Cold, enough to fill a tall, narrow container, chilled for at least 2 hours","1. Mix the balsamic vinegar and agar agar in a saucepan, then bring to a simmer while stirring until the agar completely dissolves.
2. Let the mixture cool slightly, then using a dropper or a small bottle, drop the balsamic mixture into the cold oil. The pearls will form as they fall.
3. Once all the mixture is used, strain the pearls from the oil and rinse them with water. Store in a container until needed.","N/A"
"Fresh Pasta Dough","Breads & Doughs","2 cup All Purpose Flour
1/2 tsp Salt
3 large Egg","1. Blend all in robo coop till it forms together in a ball.
2. Wrap that ball of dough in plastic wrap and let it rest for 30 min.
3. Assemble machine while you wait.
4. Divide ball in 2, wrap other half while you work with one.
5. Flatten first ball with hands till it can fit through the 1 setting on the machine.
6. With machine running, run pasta through machine, adding flour if it sticks.
7. Fold dough in 3 like a letter
8. Run through machine again and repeat one more time.
9. Run dough through the machine on each setting stopping at setting 6.
10. Around setting 3 you will have to cut pasta in half
11. 1 portion of pasta is 1 half of your sheet, each pasta dough ball makes 4 portions
12. After setting 6, heavily flour sheet and roll into a neat roll.
13. Cut pasta into thick ribbons
14. Gently stack and bundle the pasta on a sheet tray with parchment paper
15. Bag in pint bag and freeze until ready to use","N/A"
"Fried Green Tomato","Prep & Pantry","6 cup Buttermilk
Flour
Egg
Panko bread crumbs
1/4 Green Tomatoes, sliced 6 in","1. Set up breading station
2. Slice tomatoes on slicer, do not season
3. Dredge in flour, egg, then panko
4. Layer in shallow fish tub with deli paper
5. Date and store in walk in","N/A"
"Corn Pesto","Sauces & Condiments","1 bag Frozen Corn cooked down with butter till tender
2 cup Grated Parmesan cheese
2 cup Basil, leaves fresh
1 cup Nuts nuts, toasted
4 Garlic, cloves
1 cup Olive Oil About
to taste Salt And Pepper","1. In a food processor, combine corn, Parmesan, basil, walnuts, and garlic. Pulse until coarsely blended.
2. With the machine running, gradually add olive oil until the pesto reaches your desired consistency.
3. Season with salt and pepper
4. May need more oil for smooth consistency","N/A"
"Mezcal Ranch","Sauces & Condiments","1 qt Buttermilk
1 qt Mayo
1/2 cup Mezcal","1. Add mezcal to saute pan and reduce. It will catch fire. burn off by half.
2. Prepare the ranch dressing according to the packet's instructions, substituting part of the liquid component with mezcal.
3. Mix thoroughly until smooth. Let it chill for an hour before serving to allow the flavors to meld.","N/A"
"Pickled Lemon Aioli","Sauces & Condiments","2 qt Mayo
1 cup Pickled Lemon pickled finely chopped
4 Garlic, cloves minced
2 tbsp Dijon Mustard
to taste Salt And Pepper","1. In a mixing bowl, combine mayonnaise, pickled lemons, garlic, and Dijon mustard.
2. Whisk until smooth and evenly mixed. Season with salt and pepper to taste.","N/A"
"Pickled Lemon","Prep & Pantry","24 Lemon
1 cup Salt And Pepper
1 cup Sugar","1. Cut lemons in half length wise
2. Remove top and bottom of lemon and discard
3. Slice lemons from left to right as thinly as possible to create ribbons
4. Toss ribbons in salt sugar mix
5. Let sit at room temperature for 2 hours then store in cambro","N/A"
"Couscous","Appetizers & Sides","3 tbsp Olive Oil
6 tbsp Shallot thinly sliced
3 pinch Chili Flakes
19.2 ounce Couscous Pearled, Israeli
2 qt Vegetable Stock","1. Heat olive oil in a skillet over medium-high until shimmering. Cook shallots, chili flakes, and a pinch of salt until softened, about 2 minutes. Add couscous and broth, season with salt and pepper, and simmer until most liquid is absorbed, about 12 minutes.","N/A"
"Mojo","Sauces & Condiments","2.5 cup Clove of peeled minced
2 2/3 cup Orange Juice fresh
2 2/3 cup Lime, juice
2 2/3 cup Olive Oil
4 tsp Dried Oregano
4 tsp Cumin Seed
to taste Ground Black Pepper Kosher salt and freshly","1. Blend all together. oil last","N/A"
"Hot Sauce","Sauces & Condiments","10 pound Fresno Peppers
40 Garlic, cloves
2/3 cup Light Brown Sugar 1 and
7/16 cup Kosher Salt just under 1/2 cup
1/3 cup Distilled White Vinegar 3 and","1. Take a 10 lb case of Fresno peppers and cut the tops off.
2. Rinse the peppers in a mixture of water and vinegar to clean them.
3. Run the peppers through a meat grinder, then grind garlic and add it to the peppers.
4. Mix in salt and sugar, and place the mixture in a sealed container to ferment for 5 days at room temperature.
5. After 5 days, add vinegar to the mixture and strain off the liquid into a separate container.
6. Bring the liquid to a boil, then add a mixture of garlic oil and xanthan gum to thicken.
7. Date the container and store it in the reach-in cooler.","N/A"
"Pork Cure","Prep & Pantry","1 tbsp Fennel Seed
2 tsp Annatto Seed
1 1/2 tsp Black Peppercorns
1 1/2 tsp Spanish Paprika
1 1/2 tsp Red Pepper Flakes
1/2 cup Light Brown Sugar firmly packed
1/2 cup Salt
1 pound Pork Shoulder","1. Mix spice blend with sugar and salt, rub onto pork, refrigerate for 24/48 hours.
2. Rinse pork, pat dry, preheat oven to 300F, cover pork in lard, and cook for 2.5 hours until tender.
3. Strain from lard and let cool. place in 1/3 pan for service","N/A"
"Vegetable Stock","Prep & Pantry","6 lb Onion
3 lb Celery
3 lb Carrots
32 Garlic, cloves
1 cup Black Peppercorns
24 Bay Leaf Dried
6 bunch Parsley","1. Finely chop all ingredients (use a mandolin if needed)
2. Cover all ingredients in a large pot with 8 gallons of water
3. Bring to a simmer/reduce and allow to cook for 2 hours approx 6 gallons or 24 quarts
4. Strain vegetable matter out of stock
5. Date and store in walk in cooler","N/A"
"Tikka","Mains & Entrees","For the Chicken Tikka
13.2 pc Chicken Breast 6 kg
1 qt Yogurt plain
12 tbsp Lemon, juice
4 tbsp Ground Cumin
4 tbsp Ground Coriander
2 tbsp Turmeric Powder ground
2 tbsp Garam Masala
4 tbsp Paprika
2 tbsp Salt
2 tbsp Ground Black Pepper
12 Garlic, cloves minced
6 tbsp Ginger grated
For the Sauce
600 mL Vegetable Oil
24 large Onion, finely chopped
48 Garlic, cloves minced
12 tbsp Ginger grated
4 tbsp Cumin Seed
4 tbsp Turmeric Powder ground
4 tbsp Paprika
4 tbsp Garam Masala
3 liter Tomato Puree
3 liter Heavy Cream
to taste Salt
6 bunch Cilantro, chopped for garnish","Marinate the chicken
1. In a large bowl, combine yogurt, lemon juice, cumin, coriander, turmeric, garam masala, paprika, salt, pepper, garlic, and ginger. Add chicken pieces and mix until well coated. Cover and refrigerate for at least 4 hours, preferably overnight.
Cook the chicken
2. Preheat your grill to medium-high heat. Thread the chicken onto skewers, discarding the marinade. Grill the chicken for about 5 minutes on each side or until fully cooked. You can also bake the chicken in an oven preheated to 400°F (200°C) for about 20-25 minutes, turning halfway through.
Prepare the sauce
3. In a large pot, heat oil over medium heat. Add onions, garlic, and ginger; cook until onions are golden brown. Stir in cumin seeds, turmeric, paprika, and garam masala, cooking for about 1 minute.
4. Pour in tomato puree, bring to a boil, then reduce heat and simmer for about 20 minutes. Add cream and simmer for another 10 minutes. Taste and adjust seasoning with salt.
Combine and serve
5. Add the cooked chicken to the sauce, stirring well to combine. Heat through. Garnish with chopped cilantro.
6. Serve hot with basmati rice or naan bread.","N/A"
"Bread And Butter Pudding","Desserts","20 slice White Bread brunch brioche
1 cup Butter softened
1 cup Dried Apricots
8 large Egg
4 cup Milk whole
2 cup Heavy Cream
1 1/2 cup Sugar
2 tsp Vanilla Extract
1 tsp Ground Cinnamon
2 tsp Whole Nutmeg
1/4 cup Brandy
2 Orange Zest from
1 serving Crème Anglaise","1. Preheat oven to 350°F (175°C).
2. Butter each slice of bread and cut into triangles or squares.
3. Arrange a layer of bread in a buttered 12x20 inch hotel pan, sprinkle with some apricots, and repeat until all bread is used.
4. Whisk eggs, milk, cream, sugar, vanilla, cinnamon, nutmeg, brandy, and orange zest together. Pour over the bread layers.
5. Let sit for 10 minutes to absorb, then bake for 45-55 minutes until golden and set.
6. Cool slightly before serving.","N/A"
"Crème Anglaise","Desserts","2 cup Milk whole
1 cup Heavy Cream
6 Egg, yolks
2/3 cup Sugar
1 Vanilla Extract split and seeds scraped
1 tsp Orange zest
1 tbsp Brandy","1. Combine milk, cream, vanilla bean (pod and seeds), and orange zest in a saucepan. Simmer over medium heat then remove from heat.
2. Whisk yolks and sugar until fluffy. Gradually pour hot milk mixture into yolks, whisking constantly.
3. Return to saucepan, cook over low heat, stirring until thick enough to coat a spoon.
4. Strain, remove vanilla pod, cool in an ice bath, and stir in brandy.","N/A"
"Hipster Mk. 3","Prep & Pantry","1 Zucchini grated
1 Carrots, peeled carrot, and grated
1 bag Fresh Edamame frozen
1 cup Sundried Tomatoes sun dried tomato
1 cup Garlic, cloves
1 handful Herb Mix
Panko breadcrumbs","1. Move to mixing bowl, add enough panko bread crumbs till a 'dough' forms
2. Form patties, 2 heaping blue scoops per patty
3. Blend frozen edamame in robo coop until crumbly. add sundried tomatoes and garlic and puree.
4. Combine edamame mix with zucchini and carrot with herbs and mix well. season with salt and pepper.
5. Add breadcrumbs to mixture 1 qt at a time until a 'dough' forms. approx 2 qts
6. Scoop with large scoop and patty with squares of parchment.
7. Store parchmented patties in shallow fish tub and freeze","N/A"
"Focaccia mk 2 'old'","Breads & Doughs","500 g All Purpose Flour about 4 cups
350 mL Warm Water about 1.5 cups, ideally around 110°F or 45°C
10 g Instant Yeast about 2 teaspoons
10 g Sugar about 2 teaspoons
10 g Salt about 2 teaspoons
60 mL Olive Oil plus extra for drizzling, about 1/4 cup
Salt Coarse, for topping
Rosemary Fresh thinly sliced garlic, etc","Mix the dough
1. In the bowl of your stand mixer, combine the warm water, sugar, and yeast. Let it sit for about 5 minutes until it becomes frothy, indicating that the yeast is active.
2. Add the flour, salt, and 30ml of the olive oil to the yeast mixture. Using the dough hook attachment, mix at a low speed until the ingredients are well combined, then increase the speed to medium and knead for about 5-7 minutes until the dough is smooth and elastic.
First rise
3. Grease the mixing bowl lightly with olive oil and place the dough back in it. Cover the bowl with plastic wrap or a damp towel and let it rise in a warm place until doubled in size, about 1 hour.
Prepare the tray
4. Drizzle the remaining 30ml of olive oil over the half sheet tray. Place the dough on the tray and turn it to coat it lightly in oil on all sides.
Shape the dough
5. Gently stretch the dough out to fill the tray. It may spring back a bit; if it does, let it rest for a few minutes before stretching again. Aim to get an even thickness.
Second rise
6. Cover the tray with plastic wrap or a damp towel and let the dough rise again until puffy, about 30 minutes.
Add toppings and final touches
7. Preheat your oven to 425°F (220°C).
8. Once the dough has puffed up, use your fingers to dimple the surface of the dough all over, creating little wells. Drizzle with a little more olive oil and sprinkle coarse salt, rosemary and sliced garlic
Bake
9. Bake the focaccia in the preheated oven for about 20-25 minutes, or until golden brown on top and the edges are crispy.
Cool and serve
10. Remove the focaccia from the oven and let it cool on a wire rack for a few minutes before cutting into squares. wrap squares and place in the walk in","Makes one half sheet tray, scale recipe up if needed."
"Brioche","Breads & Doughs","500 g All Purpose Flour 4 cups
10 g Salt 2 tsp
50 g Sugar 1/4 cup
10 g Instant Yeast 3 tsp
150 mL Warm Water 2/3 cup
5 large Egg beaten
250 g Unsalted Butter softened, 1 cup + 1 tbsp
Egg 1 egg beaten with 1 tbsp water
Sesame Seeds","1. Mix dry ingredients: In a large mixing bowl or the bowl of a stand mixer, combine the flour, sugar, salt, and yeast. Give them a quick stir to distribute the yeast evenly through the flour.
2. Add wet ingredients: Pour the warm water and the beaten eggs into the bowl with the dry ingredients. Using a dough hook on a stand mixer, mix at a low speed until the dough starts to form.
3. Incorporate butter: Gradually add the softened butter to the dough, a few pieces at a time, ensuring each addition is well incorporated before adding the next. Knead the dough on medium speed for about 10 minutes until it becomes smooth, shiny, and elastic.
4. First rise: Transfer the dough to a lightly greased bowl, cover with a damp cloth or plastic wrap, and let it rise in a warm place until it doubles in size, about 1 to 2 hours.
5. Shape buns: After the dough has risen, turn it out onto a lightly floured surface. Divide the dough into 10 equal pieces, each weighing approximately 113g (4 oz). Roll each piece into a smooth ball and place them on a parchment-lined baking sheet. Flatten each ball gently.
6. Second rise: Cover the shaped buns with a damp cloth and allow them to rise again until they are puffy and nearly doubled in size, roughly 1 hour.
7. Apply egg wash: Preheat your oven to 375°F (190°C). Brush the risen buns gently with egg wash. sprinkle with sesame seeds
8. Bake: Bake the buns in the preheated oven for 15 to 20 minutes, until they are golden brown on top and sound hollow when tapped on the bottom.
9. Cooling: Remove the buns from the oven and let them cool on a wire rack before using them.","N/A"
"Chow Chow","Sauces & Condiments","2 cup Green Cabbage, chopped
1 medium Onion, finely chopped
1 Red Bell Pepper, finely chopped
1 Red Bell Pepper, finely chopped
1 Jalapeno jalapeño, seeded and minced, adjust based on your spice preference
1 cup Cider Vinegar apple
1/2 cup Water
1/2 cup Sugar
1 tsp Mustard Seed
1 tsp Celery Seed
1/2 tsp Turmeric Powder
1 tsp Salt
1/2 tsp Crushed Red Pepper flakes, optional for extra heat","1. Prepare the vegetables: In a large bowl, combine chopped cabbage, onion, green and red bell peppers, and jalapeño.
2. Make the brine: In a saucepan, combine apple cider vinegar, water, sugar, mustard seeds, celery seeds, turmeric, salt, and crushed red pepper flakes. Bring to a boil, stirring until the sugar dissolves.
3. Cook the vegetables: Add the chopped vegetables to the boiling brine. Reduce heat to medium and simmer for about 10 minutes or until the vegetables are just tender but still crisp.
4. Cool and serve: Remove from heat and allow the chow chow to cool slightly. It can be served warm or chilled. If you prefer to serve it chilled, let it cool completely and then refrigerate for an hour before serving.","N/A"
"Test Focaccia 'old'","Breads & Doughs","600 g Flour All-Purpose
468 g Water
6 g Instant Yeast
6 g Sugar
12 g Salt
18 g Extra Virgin Olive Oil for the dough + extra for drizzling and lining
1 Clove Garlic: thinly sliced
Rosemary Fresh A small amount, chopped
pinch Maldon Salt A small","1. Mix flour and water: In the bowl of your Hobart mixer, combine all-purpose flour and water. Stir gently until just combined without kneading.
2. Rest: Let the mixture rest for 30 minutes to allow the flour to fully hydrate and begin gluten development naturally.
3. Step 2 proof the yeast:
4. Prepare yeast mixture: While the flour and water are resting, mix the instant yeast, sugar, and a small portion of the warm water (taken from the total water amount) in a separate bowl. Wait for the mixture to become frothy, indicating that the yeast is active.
5. Step 3 mix the dough:
6. Add yeast mixture: After the autolysing period, add the frothy yeast mixture to the dough.
7. Add olive oil and salt: Include the olive oil and salt.
8. Mix: Start mixing on a low speed to incorporate all ingredients until the dough starts to come together.
9. Step 4 knead:
10. Kneading: Increase the speed to medium and knead the dough for 8-10 minutes until smooth and elastic.
11. Step 5 first proof:
12. Bulk fermentation: Transfer the dough to large, oiled Cambro containers. Cover and let it rise in a warm, draft-free area until doubled in size, about 1.5 to 2 hours.
13. Step 6 prepare for baking:
14. Oil and shape: Liberally oil two large sheet trays. Gently deflate the dough and divide it evenly between the trays.
15. Second proof: Allow the dough to rise uncovered for about 40 minutes until puffy.
16. Step 7 dimple and top:
17. Dimpling: Using your fingertips, make deep dimples evenly across the surface of the risen dough.
18. Add toppings: Drizzle with more olive oil, then sprinkle evenly with the sliced garlic, chopped rosemary, and Maldon salt.
19. Step 8 bake:
20. Preheat oven: Preheat your oven to 500°F (260°C) with the fan on.
21. Baking: Bake the focaccia for about 15 minutes, until the middle begins to brown and the crust is crisp.
22. Step 9 cooling and storage:
23. Cool: Remove the focaccia from the oven and let it cool on a wire rack for at least 10 minutes.
24. Cut and wrap: Once cooled, cut the focaccia into squares, wrap each square in plastic wrap, and label with a date sticker.
25. Store: Place the wrapped focaccia in the cooler above the freezer door.","N/A"
"Fried Chicken Special","Mains & Entrees","Chicken Salt
75 g Sechuan Peppercorns Szechuan pepper
600 g Chicken Stock powder
150 g Salt
150 g MSG
30 g Ground Black Pepper
30 g Cumin Seed
30 g Paprika
30 g Onion Powder
30 g Garlic Powder
6 g Dried Oregano
Marinade
240 g Dashi Powder
240 g Chicken salt
360 g Sriracha
360 g Water
Dry Dredge
3600 g Flour plain
1200 g Corn Flour
1200 g Tapioca Flour
150 g Baking Powder
150 g Onion Powder
150 g Garlic Powder
150 g MSG
Wet Dredge
480 g Buttermilk
180 g Water
360 g Egg, whites fresh
150 g Flour plain
60 g Corn Flour corn
120 g Sriracha
Chicken
24 pc Chicken bone-in, skin-on breasts, legs, drumsticks, and/or wings","1. Make chicken salt: Toast Szechuan pepper, black pepper, and cumin seeds until fragrant. Cool and grind to a fine powder. Mix with remaining chicken salt ingredients.
2. Marinate chicken: Mix dashi, chicken salt, sriracha, and water. Coat chicken pieces in marinade, cover, and refrigerate for 2 hours.
3. Prepare dredges: Mix all dry dredge ingredients in a large bowl. Mix buttermilk, water, egg whites, plain flour, cornflour, and sriracha in another bowl.
4. Dredge chicken: Add 600g of dry dredge to the marinated chicken, mixing well. Coat each piece of chicken in the remaining dry dredge, tossing 60 times. Dip chicken pieces in wet dredge, then back into the dry dredge, tossing another 60 times.
5. Fry chicken: Heat oil to 300°F. Fry chicken pieces for 12 minutes until crisp and golden and temped at 160. Rest on wired sheet trays.","Scaled for 24 Pieces"
"Banana Pudding","Desserts","Vanilla Pudding
2 cup Granulated Sugar
1 cup All Purpose Flour
8 large Egg, yolks
8 cup Milk whole
4 tsp Vanilla Extract
1/2 tsp Salt
8 tbsp Unsalted Butter cut into small pieces
Whipped Cream
4 cup Heavy Cream
1 cup Powdered Sugar
4 tsp Vanilla Extract
Assembly
1/4 Bananas 6-8 ripe sliced into inch rounds
2 box Nilla Wafers va wafer cookies, approx. 24 oz
Mint, leaves Fresh for garnish, optional","Prepare the Vanilla Pudding
1. In a large saucepan, whisk together the granulated sugar, flour, and salt.
2. In a separate bowl, whisk the egg yolks until smooth.
3. Gradually add the milk to the egg yolks, whisking constantly.
4. Pour the milk and egg mixture into the saucepan with the dry ingredients, whisking to combine.
5. Cook over medium heat, stirring constantly, until the mixture thickens and comes to a gentle boil (about 10-12 minutes).
6. Remove from heat and stir in the vanilla extract and butter until fully melted and incorporated.
7. Transfer the pudding to a large bowl, cover with plastic wrap (pressing the wrap directly onto the surface of the pudding to prevent a skin from forming), and refrigerate for at least 2 hours or until fully chilled.
Prepare the Whipped Cream
8. In a large mixing bowl, combine the heavy whipping cream, powdered sugar, and vanilla extract.
9. Beat with an electric mixer on medium-high speed until stiff peaks form. Set aside.
Assemble the Banana Puddings
10. Gather 12 beer chalice/goblet cups (10 oz each).
11. In each cup, start by placing a layer of vanilla wafer cookies at the bottom.
12. Add a layer of sliced bananas over the cookies.
13. Spoon a layer of chilled vanilla pudding over the bananas.
14. Add another layer of vanilla wafer cookies, followed by another layer of bananas.
15. Spoon another layer of vanilla pudding on top.
16. Top each cup with a generous dollop of whipped cream.
17. Garnish with a few vanilla wafer cookies and a fresh mint leaf, if desired.
Chill and Serve
18. Cover each cup with plastic wrap and refrigerate for at least 1 hour before serving to allow the flavors to meld together.
19. Serve chilled.","N/A"
"Paella","Mains & Entrees","6 oz Risotto Base
Garnish
1 ramekin Chorizo dry cured
1 ramekin Sofrito Base
6 oz Vegetable Stock
6 pc Squid braised
4 Mussels frozen
3 Shrimp grilled
1 pinch Preserved Lemon
1 pinch Saffron","1. In an egg pan, heat a small amount of garlic oil over medium heat.
2. Add the sofrito and chorizo, saute until fragrant and chorizo browned.
3. Add the 6 oz of prepared base risotto to the pan, stirring to combine.
4. Add a little stock to reach the desired consistency. Much less needed than in garden risotto.
5. Season with salt and pepper and smoked paprika.
6. Arrange seafood in a spiral manner in egg pan. DO NOT AGGITATE RICE!!! We're trying to crisp up the rice on the bottom, hence the low amount of stock going into the dish.
7. Place another saute pan on top and allow proteins to cook through.
8. Once slightly crispy on the bottom, carefully run a spatula around the edges and underneath the paella to ensure it's loosened from the pan. Slide into a flower bowl and garnish with lemon wedges, preserved lemons, and microgreens. The slide is similar to sliding an omelette out of the pan.","N/A"
"Risotto Base","Prep & Pantry","70 oz Arborio Rice 2 boxes
8 oz Chicken Base
1 qt White Wine
8 oz Shallot minced
4 oz Garlic minced
5 qt Water hot to use as broth
2 cup Heavy Cream","1. Prep: In a pan, sauté minced shallots and garlic in oil/butter until translucent.
2. Rice: Add Arborio rice to the pan and toast briefly. Add chicken base and toast. Pour in white wine and stir continuously until mostly evaporated.
3. Risotto: Gradually ladle in broth to the rice, stirring frequently after each addition until absorbed. Continue this process until the rice is al dente. Mix in heavy cream until desired consistency.
4. Cooling: For storage, spread the risotto on a sheet tray in a thin layer. Allow to cool to room temperature, then transfer to the refrigerator. This method ensures that the rice stops cooking and retains its texture.
5. Storing: After cooling, place risotto in an airtight container in the fridge. This mix is used for the Risotto entrée and the arancini.
6. Reheating: To serve, take the needed portion of risotto and place in a pan after your veggies have been sautéed. Add a bit of broth and gently heat, stirring constantly, until you achieve the desired temperature and creaminess.","N/A"
"Basil Oil","Sauces & Condiments","4 cup Basil, leaves fresh loosely packed
32 ounce Extra Virgin Olive Oil 1 quart","Blanch the basil
1. Start by blanching the basil leaves briefly. Bring a large pot of water to a boil, and prepare a bowl of ice water.
2. Submerge the basil leaves in the boiling water for about 10-15 seconds or until they turn bright green.
3. Quickly transfer the blanched basil to the ice water to stop the cooking process. This helps preserve the bright green color.
Dry the basil
4. Remove the blanched basil leaves from the ice water and gently pat them dry with a clean kitchen towel or paper towels.
Blend basil and olive oil
5. In a high-speed blender or food processor, combine the blanched basil leaves and extra virgin olive oil.
6. Blend until you have a smooth and vibrant green mixture. This may take a minute or two.
Strain the basil oil
7. Place a fine-mesh strainer or cheesecloth over a clean bowl or jug.
8. Pour the blended basil and olive oil mixture through the strainer to remove any solid pieces, leaving you with smooth basil oil.
Transfer to a container
9. Carefully pour the strained basil oil into a sterilized quart-sized glass bottle or container.","N/A"
"Basque Cheesecake","Desserts","2 pound Cream Cheese at room temperature
1 1/2 cup Granulated Sugar
6 large Egg
2 cup Heavy Cream
1 tsp Vanilla Extract
1/4 tsp Kosher Salt
1/4 cup All Purpose Flour
Garnishes:
1 heaping tbsp Cookie Crumble
1 heaping tbsp Berry Compote spoonful","1. Preheat your oven to 400°F. Line a 10-inch springform pan with parchment paper, letting the paper extend above the sides.
2. Beat the cream cheese until smooth. Gradually add the granulated sugar until light and fluffy. Add the eggs, one at a time, mixing well after each.
3. Pour in the heavy cream, vanilla extract, and kosher salt. Mix until smooth. Sift in the all-purpose flour and mix until just combined.
4. Pour the batter into the pan, tap to release air bubbles. Bake for 50-60 minutes until the top is deeply golden brown and the center is slightly jiggly.
5. Cool in the pan on a wire rack, then refrigerate for at least 4 hours or overnight.
6. Remove from the pan, peel off the parchment, and slice with a hot knife.","N/A"
"Cookie Crumble","Desserts","1 cup All Purpose Flour
1/2 cup Granulated Sugar
1/4 cup Light Brown Sugar packed
1/2 tsp Baking Powder
1/4 tsp Salt
1/2 cup Butter, melted
1 tsp Vanilla Extract
1/2 tsp Ground Cinnamon","1. Preheat your oven to 350°F. Line a baking sheet with parchment paper.
2. In a large mixing bowl, combine the all-purpose flour, granulated sugar, light brown sugar, baking powder, and salt. Add ground cinnamon or other spices if using.
3. Pour in the melted butter and vanilla extract. Mix with a fork or your hands until the mixture forms clumps and resembles coarse crumbs.
4. Spread the crumble mixture evenly on the prepared baking sheet.
5. Bake for 10-12 minutes, or until the crumble is golden brown and fragrant. Stir halfway through baking to ensure even browning.
6. Remove from the oven and let the crumble cool completely on the baking sheet. It will become crisp as it cools.
7. Once cooled, break the crumble into smaller pieces if needed.
8. Store the cookie crumble in an airtight container at room temperature for up to a week.","N/A"
"Berry Compote","Desserts","2 cup Berries mixed, such as strawberries, blueberries, raspberries, and blackberries
1/4 cup Granulated Sugar
1 tbsp Lemon, juice
1 tsp Lemon, zest
1 tsp Vanilla Extract","1. In a medium saucepan, combine the mixed berries, granulated sugar, lemon juice, and lemon zest.
2. Cook over medium heat, stirring occasionally, until the berries release their juices and the mixture begins to thicken, about 10-15 minutes. If the mixture becomes too thick, add a tablespoon of water to adjust the consistency.
3. Remove from heat and stir in the vanilla extract.
4. Allow the compote to cool to room temperature before serving. It can be served warm or chilled, depending on your preference.
5. Store any leftovers in an airtight container in reach in.","N/A"
"Chocolate Chip Cookie","Desserts","1 1/2 cup Unsalted Butter softened, 340g
1 1/2 cup Granulated Sugar 300g
1 1/2 cup Brown Sugar 300g
6 tsp Vanilla Extract 30ml
1 1/2 tsp Salt 9g
3 cup All Purpose Flour 360g
1 1/2 tsp Baking Soda 6g
1 1/2 cup Chocolate Chips or other mix-ins), 270g
6 small Egg, yolks","1. Preheat oven to 500°F.
2. Cream butter and sugars until light and fluffy.
3. Add egg yolks and vanilla extract, mixing until combined.
4. Whisk together flour, baking soda, and salt.
5. Gradually add dry ingredients to wet ingredients, mixing until just combined.
6. Fold in chocolate.
7. Divide dough into 70g portions and press into greased ramekins.
8. Cover and store in the walk-in.
9. Bake for 8-10 minutes, checking for golden brown edges and set centers.
10. Serve warm, with a quenelle of vanilla ice cream, sprinkle maldon salt, caramel drizzle.","N/A"
"Pickled Mustard Seeds","Sauces & Condiments","For the Brine
175 mL White Wine Vinegar about 3/4 cup
125 mL Cider Vinegar about 1/2 cup
150 mL Water about 2/3 cup
50 mL Rye Whiskey about 1/4 cup
2 Bay Leaf Dried leaves
150 g Brown Sugar about 3/4 cup
10 g Kosher Salt about 1 tablespoon
For the Seeds
200 g Yellow Mustard Seed about 1 cup","1. For the Brine: Combine white wine vinegar, cider vinegar, water, whiskey, bay leaves, brown sugar, and salt in a small saucepan. Set aside, stirring occasionally, until sugar is dissolved.
2. For the Seeds: Meanwhile, place seeds in a clean saucepan and cover with cold water. Bring to a boil, then drain through a fine-mesh strainer and discard the water. Repeat until the discarded water does not taste bitter. This can take between 1 and 8 repetitions.
3. Transfer blanched and drained mustard seeds to the pot with the brine. Bring to a boil, then reduce to a bare simmer and cook until the seeds have plumped up and the liquid has reduced by about one-third, 15 to 20 minutes. Without draining brine, transfer seeds to a sealable container, let cool at room temperature, then seal and refrigerate until ready to use. The seeds will mature in flavor over the course of a few days.","N/A"
"Salsa Dona","Sauces & Condiments","32 Jalapeno Jalapeños: stemmed
12 Clove Garlic: peeled
1 White Onion whole, chopped
1 cup Water for blending
1 cup Vegetable Oil Canola or","1. Boil vegetables: Boil jalapeños, garlic, and onion until soft (10-15 minutes). Drain, reserving 1 cup of cooking water.
2. Blend: Blend boiled vegetables with 1 cup of reserved cooking water until smooth.
3. Incorporate oil: Slowly add oil while blending until emulsified.
4. Season: Taste and adjust salt if needed.","N/A"
"Boar Sausage","Prep & Pantry","10 lb Ground Boar
3 oz Kosher Salt
10 Garlic, cloves grated, about 10 tsp
10 tbsp Fennel Seed whole toasted
10 tsp Marjoram Dried
5 tsp Ground Black Pepper freshly
5 tbsp Sugar
10 tbsp Crushed Red Pepper flakes
1 1/4 tsp Cayenne ground pepper","1. Combine all ingredients in a large bowl and mix thoroughly. Cover and refrigerate for 8-48 hours.
2. Using a stand mixer with paddle attachment, beat meat on medium-high speed until tacky and sticky, about 1 minute. Alternatively, knead by hand for 3-4 minutes.
3. Transfer to a zipper-lock bag and seal. Refrigerate for up to 1 week. Stuff into casings or cook as desired.","N/A"
"Caesar Dressing","Sauces & Condiments","1 1/2 cup Kalamata Olives
2 medium Shallot
1/2 cup Parmesan
2 tsp Garlic, minced
pinch HERBS
Salt And Pepper
6 Egg, yolks
1 cup Vinegar RED
2 cup Mayo
3 cup Olive Oil
1/4 cup Dijon Mustard","1. Blend olives in robo coup until paste forms.
2. Add shallots, parmesan, garlic, herbs, s+p and egg yolks. Blend.
3. Add vinegar, mayo. Blend.
4. Slowly drizzle 3 cups oil while blending.
5. Date and store.","N/A"
"Borracho Salsa","Sauces & Condiments","12 large Tomato
2 large Onion, finely chopped
6 clove Garlic, cloves minced
4 Jalapeno
2 btl Modelo
1 bunch Cilantro, chopped fresh
4 Lime, juice
2 tbsp Cumin Seed
2 tbsp. Chili Powder
Salt And Pepper","Prepare the Tomatoes
1. Half and grill tomatoes until charred.
Cook the Vegetables
2. In a large pot, sauté the chopped onions, garlic, and peppers over medium heat until they soften and become fragrant, about 5-7 minutes.
Combine Ingredients
3. Add the tomatoes to the pot with the cooked onions, garlic, and peppers.
4. Pour in the beer, stirring to incorporate all the ingredients.
Season the Salsa
5. Stir in the cumin, chili powder, salt, black pepper.
6. Let the salsa simmer gently for about 20-30 minutes, stirring occasionally, to allow the flavors to meld and the beer to reduce slightly.
Add Fresh Ingredients
7. Once the salsa has simmered and thickened slightly, remove it from the heat and stir in the chopped cilantro and lime juice.
Cool and Store
8. Allow the salsa to cool before transferring it to storage containers.","N/A"
"Blue Devil Bacon Dip","Appetizers & Sides","16 oz Blue Cheese crumbled
32 oz Cream Cheese softened
16 oz Sour Cream
1 lb Bacon cooked until crispy, then crumbled
4 Garlic, cloves minced
2 tbsp Worcestershire Sauce
1/2 cup Chives Fresh, finely chopped
2 tbsp Lemon, juice
2 tsp Ground Black Pepper Black Pepper:, freshly ground
Salt And Pepper","1. Prepare the bacon: Cook the bacon until crispy. Drain on paper towels and crumble into small pieces. Set aside.
2. Mix the base: In a large mixing bowl, combine the softened cream cheese and sour cream. Use a stand mixer or hand mixer to blend until smooth and creamy.
3. Add blue cheese: Fold in the crumbled blue cheese. You can mix it in thoroughly or leave some chunks for a more textured dip, depending on your preference.
4. Flavor the dip: Add the minced garlic, Worcestershire sauce, lemon juice, and black pepper. Mix until well combined.
5. Incorporate the bacon: Gently fold in the crumbled bacon and half of the chopped chives. Reserve the other half of the chives for garnish.
6. Taste and adjust: Taste the dip and adjust the seasoning with salt if necessary. Depending on the blue cheese and bacon, you may not need much additional salt.
7. Chill and serve: Transfer the dip to a cambro, cover, and refrigerate.","N/A"
"Spinach Lasagna Special","Mains & Entrees","Spinach Dough
2.25 kg Spinach
960 g Egg, whole
6.4 kg Flour 00
360 g Semolina Flour 00
37 g Salt
Béchamel Sauce
552 g Unsalted Butter
552 g All Purpose Flour
6.6 kg Milk whole
276 g Onion, diced
3 g Whole Nutmeg
Salt to taste
Beef Bolognese
9 kg Ground Beef
50 g Whole Nutmeg
100 g Garlic Powder
150 g Onion Powder
50 g Ground Black Pepper
200 g Salt
100 Extra Virgin Olive Oil Corto TRULY, for cooking
2 kg Onion, chopped
1 kg Carrots, chopped carrot
1 kg Celery, chopped
125 g Garlic, chopped
1 kg Tomato Paste
2 kg White Wine
11.8 kg Tomato Jersey
2 kg Heavy Cream
30 g Garlic, grated
75 mL Brandy
125 g Red Wine Vinegar
To Assemble and Serve
Flour 00, for dusting
g Grated Parmesan
Whole Nutmeg for garnish","Spinach Dough
1. Purée spinach and eggs in a Vitamix until smooth.
2. Transfer to a stand mixer with a paddle attachment.
3. Add flours and salt, mix on speed 1 for 18-20 minutes until smooth and elastic.
4. Wrap in plastic and rest at room temperature.
Béchamel Sauce
5. Melt butter in a large pot over medium heat.
6. Add flour, whisk to form a blond roux.
7. Add milk, onion, and nutmeg; simmer for 20 minutes while whisking.
8. Strain through a chinois, season with salt, and cool.
Beef Bolognese
9. Preheat oven to 400°F.
10. Sear ground beef in a large rondeau, strain off fat, and reserve.
11. Season meat with nutmeg, garlic powder, onion powder, black pepper, and 175 g salt. Set aside.
12. In another rondeau, heat oil, sweat onions, carrots, and celery for 8-10 minutes.
13. Add chopped garlic, cook for 2 minutes.
14. Add tomato paste, cook for 6 minutes, stirring constantly.
15. Deglaze with wine, reduce by one third.
16. In two 6-inch hotel pans, combine tomatoes, cream, mirepoix, beef, and remaining 25 g salt.
17. Braise covered for 90 minutes, then stir in grated garlic, brandy, and vinegar.
18. Cool over an ice bath, stirring frequently.
To Assemble and Serve
19. Preheat a wood-fired oven to 750°F.
20. Roll dough to a scant 1/8 inch thickness using a pasta machine.
21. Cut into 5.5-inch by 10-inch rectangles.
22. Blanch lasagna sheets for 1 minute in boiling salted water, shock in ice water, and dry.
23. On a sizzle tray, layer 1 sheet of dough with 1/2 cup Béchamel, 1/2 cup Beef Bolognese, and 2 tbsp parmesan.
24. Top with the second sheet of dough and additional parmesan.
25. Bake in wood-fired oven for 2 minutes, or until cheese melts and edges char.
26. Serve garnished with nutmeg and parmesan.","N/A"
"Soup Du Jour","Soups & Salads","Basil Tomato Soup
5 lb Roma Tomato peeled and chopped
3 oz Olive Oil
2 medium Onion, diced
10 cup Clove Garli minced
8 cup Vegetable Broth
3 oz Tomato Paste
2 cup Heavy Cream
10 tbsp Basil, chopped Fresh
to taste Salt And Pepper
Potato Leek Soup
5 lb Yukon Gold Potato, peeled and diced
3 oz Butter
2 Leeks white parts only, sliced
10 cup Clove Garli minced
8 cup Chicken Stock
2 cup Heavy Cream
to taste Salt And Pepper
5 tbsp Chives, chopped Fresh, for garnish
Onion Soup
8 large Onion thinly sliced
5 oz Butter
5 tbsp Olive Oil
10 cup Garlic, cloves Garli minced
3 tbsp Flour
12 cup Beef Stock
2 cup White Wine Dry
10 sprig Thyme Fresh
3 Bay Leaf Dried Leaves
to taste Salt And Pepper
10 slice Baguette
3 cup Cheese Gruyère grated","Prep for tomato
1. In a large pot, heat olive oil over medium heat. Add onions and garlic, sauté until translucent.
2. Add chopped tomatoes, tomato paste, and vegetable broth. Simmer for 20-30 minutes.
3. Remove from heat and blend until smooth. Return to pot.
4. Stir in heavy cream and fresh basil. Season with salt and pepper.
5. Serve hot, garnished with a drizzle of olive oil and extra basil.
Prep for potato
6. Melt butter in a large pot over medium heat. Add leeks and garlic, cooking until soft.
7. Add diced potatoes and chicken stock. Simmer until potatoes are tender, about 20 minutes.
8. Remove from heat and blend until smooth. Return to pot and stir in heavy cream.
9. Season with salt and pepper. Garnish with fresh chives.
10. Serve warm, with crusty bread.
Prep for onion soup
11. Heat butter and olive oil in a large pot. Add onions and garlic, sauté until caramelized, about 25 minutes.
12. Stir in flour, cooking for 2 minutes to remove raw taste.
13. Deglaze with white wine, scraping the bottom of the pot. Add beef stock, thyme, and bay leaves. Simmer for 30 minutes.
14. Remove thyme and bay leaves. Season with salt and pepper.
15. Ladle soup into bowls, top with a baguette slice, and sprinkle generously with Gruyère. Broil until cheese is melted and bubbly.","N/A"
"Bone Marrow 'old'","Appetizers & Sides","2 Beef Marrow Bones cut lengthwise
1 tsp Kosher Salt
1 Garlic, cloves Garlic minced
1 tsp Thyme, chopped Fresh
1 tsp Olive Oil
to taste Salt And Pepper Sea Salt & Cracked Black Pepper
1 tbsp Fresno Gremolata Gremolata, recipe to follow
1 tbsp Pickled Shallot Pickled, for garnish
Focaccia Crisps, for serving","1. Preheat oven to 500°F.
2. Soak marrow bones in salted water for at least 12 hours to remove impurities, changing the water a few times.
3. Pat bones dry and place cut side up on a baking sheet.
4. Drizzle with olive oil and sprinkle with minced garlic, fresh thyme, sea salt, and cracked black pepper.
5. Roast in the oven for 10 minutes until the marrow is soft and pulls away from the bone.
6. Plate the roasted marrow bones, top with Fresno gremolata, and garnish with pickled shallots.
7. Serve immediately with focaccia crisps.","N/A"
"Fresno Gremolata","Sauces & Condiments","2 qt Spent Chilis From Hot Sauce Chilies, finely diced
2 cup Garlic, cloves Garlic minced
1 ramekin Parsley, chopped Fresh
1 Lemon, zest about 1 lemon
1 Olive Oil
to taste Salt And Pepper","1. In a small bowl, combine spent chilies, minced garlic, chopped parsley, and lemon zest.
2. Drizzle with olive oil and stir to combine.
3. Season with salt and pepper to taste.
4. Let sit for at least 15 minutes to allow the flavors to meld.","N/A"
"Dry Aged Ribeye Old","Mains & Entrees","To prep
1 Beef Ribeye whole Dry-Aged Loin, approximately 12-14 lb
Kosher Salt for seasoning
Ground Black Pepper Freshly, for seasoning
Per order
1 Beef Ribeye Steak, 12 oz
1 tbsp Rendered Beef Fat from the trimmings
Kosher Salt to taste.
Ground Black Pepper Freshly, to taste
2 sprig Thyme Fresh
2 Clove Garlic, without using the word ""clove"" format as requested
1 tbsp Butter","To prep
Butchering
1. Break down the whole loin into individual 12 oz ribeye steaks, trimming excess fat and reserving all trimmings for rendering.
2. Ensure each steak is evenly cut for consistent cooking.
3. Use the fat trim to render beef fat for later use (see below).
Rendering fat
4. Place reserved fat trimmings into a heavy-bottomed pot over low heat.
5. Slowly cook the fat, stirring occasionally, until fully rendered and the solids have browned and crisped (about 1-2 hours).
6. Strain out the solids and save the rendered beef fat in a container for cooking or finishing steaks.
7. Cool and store the fat in the refrigerator or freezer for extended use.
Per order
Preheat
8. Heat a carbon steel panover high heat.
Season
9. Generously season both sides of the ribeye steak with kosher salt and freshly ground black pepper.
Sear
10. Add 1 tbsp of rendered beef fat to the hot skillet.
11. Sear the steak on each side for 2-3 minutes, achieving a deep, golden-brown crust.
Baste
12. Add thyme sprigs, crushed garlic, and butter to the skillet.
13. Tilt the pan slightly and spoon the melted butter, garlic, and thyme over the steak, basting for about 1 minute.
Finishing
Transfer the skillet to the oven if using, and finish cooking until the internal temperature reaches desired doneness
14. 125°F (51°C) for medium-rare (3-5 minutes in the oven)
15. 135°F (57°C) for medium (5-7 minutes in the oven)
Rest
16. Remove the steak from the skillet and let it rest for 5 minutes before slicing.
Plating
17. Serve sliced finish with a touch of rendered fat. Serve over pommes puree and top with green peppercorn sauce.","N/A"
"Robuchon Potatoes 'old'","Appetizers & Sides","10 lb Yukon Gold Potato, peeled and cut into large chunks
5 cup Butter, cubed Cultured and softened
5 cup Heavy Cream warmed
to taste Kosher Salt
to taste White Peppercorns freshly ground","Boil potatoes
1. In a large pot, cover the potatoes with cold water. Add a generous amount of salt to the water.
2. Bring to a boil, reduce to a simmer, and cook until the potatoes are tender, about 20-25 minutes.
Drain and dry
3. Drain the potatoes well, then return them to the pot over low heat.
4. Stir gently for 2-3 minutes to evaporate any excess moisture.
Ricing
5. Pass the potatoes through a fine ricer or food mill into a large bowl.
Mix in butter
6. Gradually add the softened butter, stirring gently until fully incorporated and the mixture is smooth and velvety.
Add cream
7. Slowly pour in the warmed cream while stirring to achieve the desired consistency.
8. Season with kosher salt and freshly ground white pepper to taste.
Hold for service
9. Transfer the mashed potatoes to the deep 1/3 pans in the hotwell, ensuring they stay hot but don't scorch. Stir occasionally to maintain texture.","N/A"
"Green Peppercorn Sauce","Sauces & Condiments","8 can Green Peppercorn drained and liquid reserved
1/2 cup Rendered Beef Fat or butter
8 ea Shallot finely minced
1 bucket Veal Demi Glace
1 qt Heavy Cream
1 btl Brandy
1 cup Whole Grain Mustard
to taste Kosher Salt
to taste Ground Black Pepper Freshly
1 cup Roasted Garlic from dagneses\","1. Drain cans of green peppercorns reserving the liquid. combine peppercorns, shallots, garlic, mustard in a large pot and saute with tallow until tender and fragrant.
2. Deglaze the pot with brandy and cook off the alcohol.
3. Add veal demi and cream, then let simmer 20 minutes, stirring to prevent sticking.
4. Cool the sauce, date the container, and store it in the cooler.","N/A"
"Paprika Chicken Old","Mains & Entrees","For brine
2 gallon Water
1 cup Kosher Salt
1/2 cup Sugar
1/4 cup Smoked Paprika
1/4 cup Sweet Paprika
1/4 cup Lemon, juice about 4 lemons
10 tsp Garlic, minced
4 tbsp Thyme, chopped Fresh
2 tbsp Ground Cumin
2 tbsp Black Peppercorns crushed
For Chicken
20 Chicken Thigh Bone-In skin on
Olive Oil for roasting","Prepare brine
1. In a large pot, combine water, kosher salt, sugar, smoked paprika, sweet paprika, lemon juice, minced garlic, fresh thyme, ground cumin, and crushed black peppercorns.
2. Bring the mixture to a simmer, stirring until the salt and sugar are fully dissolved.
3. Remove from heat and let the brine cool completely.
Brine the chicken
4. Place the chicken thighs in the cooled brine, ensuring they are fully submerged.
5. Refrigerate for 6-8 hours or overnight for maximum flavor.
Par-cook the chicken
6. Preheat the oven to 500°F.
7. Remove the chicken thighs from the brine and pat them dry. Discard the brine.
8. Rub the thighs lightly with olive oil and arrange them on a baking sheet, skin side up.
9. Roast for 25-30 minutes, or until the internal temperature reaches about 150°F (65°C).
10. Remove from the oven and allow to cool.
Finish à la minute
11. When ready to serve, finish the chicken thighs by searing them skin-side down in a hot skillet or under a broiler for 5-7 minutes until the skin is crisp and the internal temperature reaches 165°F (74°C).
12. Alternatively, finish in a hot oven for a few minutes if needed.","N/A"
"Roasted Cippolini Onions Old","Appetizers & Sides","40 Onion, peeled
1/2 cup Olive Oil
1/4 cup Balsamic Vinegar
4 tbsp Thyme, chopped Fresh
to taste Kosher Salt
to taste Ground Black Pepper Freshly
2 tbsp Butter optional, for finishing","Prep onions
1. Preheat oven to 500°F.
2. In a large bowl, toss the peeled cipollini onions with olive oil, balsamic vinegar, fresh thyme, kosher salt, and freshly ground black pepper.
Roast
3. Spread the onions in a single layer on a roasting pan or sheet tray.
4. Roast for 25-30 minutes, tossing halfway through, until the onions are caramelized and tender.","N/A"
"Smoked Paprika Cream Old","Sauces & Condiments","16 cup Heavy Cream 4 quarts
1 cup Smoked Paprika
1/4 cup Sweet Paprika
8 tsp Garlic, minced
1/2 cup Lemon, juice about 4 lemons
to taste Kosher Salt
to taste Ground Black Pepper Freshly
1/2 cup Corn Starch.
1/2 cup Water for slurry
6 oz Chicken Base
4 oz Hot Sauce
4 oz Verjus","Infuse cream
1. In a large saucepan, combine the heavy cream, smoked paprika, sweet paprika, and minced garlic.
2. Bring to a gentle simmer over medium-low heat, stirring occasionally.
Make slurry
3. In a small bowl, whisk together the cornstarch and water to form a slurry.
Thicken the sauce
4. Once the cream is simmering, slowly whisk in the cornstarch slurry.
5. Continue to simmer for 2-3 minutes, stirring constantly, until the sauce thickens to the desired consistency.
Finish
6. Stir in the lemon juice, and season with kosher salt and freshly ground black pepper to taste.
Hold for service
7. Heat the sauce in the morning and keep it in the hotwell, stirring occasionally to maintain smoothness.","N/A"
"Confit Cabbage Old","Appetizers & Sides","4 head Green Cabbage quartered
8 cup Butter, melted
1 cup White Wine
10 tsp Garlic, minced
6 sprig Thyme Fresh
4 Bay Leaf Dried Leaves
to taste Kosher Salt
to taste Ground Black Pepper Freshly","Prepare cabbage
1. Preheat oven to 300°F.
2. Place the quartered cabbage in a deep roasting pan, arranging them in a single layer.
Make confit mixture
3. In a saucepan, combine the melted butter, white wine, minced garlic, thyme sprigs, and bay leaves. Heat gently to infuse the flavors.
Cook cabbage
4. Pour the butter mixture over the cabbage, ensuring it is evenly coated.
5. Season generously with kosher salt and freshly ground black pepper.
6. Cover the roasting pan tightly with foil.
Slow cook
7. Place the pan in the oven and cook for 2-3 hours, or until the cabbage is very tender and caramelized.
Cool for à la minute
8. Remove the cabbage from the pan and let it cool completely.
9. Once cooled, transfer the cabbage to a container and refrigerate.
Finishing à la minute
10. When ready to serve, sear or roast the cabbage in a hot pan or oven until warmed through and slightly browned on the edges.
11. Baste with the reserved butter juices from cooking, or add fresh butter for extra richness.
12. Serve hot as a side dish or garnish.","N/A"
"Mushroom Ragu","Mains & Entrees","5 lb Mushrooms Mixed cleaned and diced, e.g., King Trumpet, Cremini, Shiitake
1/2 cup Olive Oil
10 tsp Garlic, minced
2 cup Shallot finely diced
1 cup White Wine Dry
4 cup Vegetable Stock
1/4 cup Thyme, chopped Fresh
1/4 cup Parsley, chopped Fresh
to taste Kosher Salt
to taste Ground Black Pepper Freshly","Sauté mushrooms
1. In a large sauté pan, heat olive oil over medium-high heat.
2. Add the diced mushrooms in batches, ensuring they cook in an even layer without overcrowding.
3. Sauté until the mushrooms are golden brown and have released most of their moisture. Set aside each batch as they finish.
Cook aromatics
4. In the same pan, reduce heat to medium. Add the minced garlic and diced shallots, cooking until softened and fragrant, about 3-4 minutes.
Deglaze with wine
5. Pour in the white wine and deglaze the pan, scraping up any browned bits from the bottom. Cook until the wine has reduced by half.
Simmer with stock
6. Return the sautéed mushrooms to the pan.
7. Add the vegetable stock, fresh thyme, and parsley.
8. Simmer for 10-15 minutes, reducing the liquid until it forms a concentrated base.
Season
9. Season with kosher salt and freshly ground black pepper to taste.
10. Cool and store the mushroom base for later use.
Prepare the King Trumpet mushrooms
11. Heat a sauté pan over medium-high heat with a small amount of oil.
12. Sear the king trumpet mushrooms (hatch scored if desired for texture) on both sides until golden brown and slightly crispy.
13. Season with kosher salt and freshly ground black pepper.
Heat the mushroom ragu
14. In the same pan, add 1 cup of mushroom ragu base (prepped earlier) with 1/2 cup of pomodoro sauce.
15. Simmer for 5-7 minutes, allowing the ragu to come together. Adjust seasoning if necessary.
Fry the egg
16. On the flat top grill or in a small pan, fry an egg to sunny-side up. Ensure the yolk remains runny for the rich texture it adds to the dish.
Plate the dish
17. Spoon a generous amount of mascarpone polenta onto the plate as the base.
18. Place the seared king trumpet mushrooms on top of the polenta.
19. Ladle the wild mushroom ragu over the mushrooms.
Garnish
20. Top with the fried egg.
21. Add pickled shallots for acidity and balance.
22. Grate Piave cheese generously over the top.
23. Microgreens.","N/A"
"Mascarpone Polenta Old","Appetizers & Sides","8 cup Water
2 cup Polenta coarse-ground cornmeal
2 cup Heavy Cream
1 cup Mascarpone Cheese
1/2 cup Grated Parmesan Parmesan Cheese, grated
4 tbsp Butter
to taste Kosher Salt
to taste Ground Black Pepper Freshly","Boil water
1. In a large saucepan, bring 8 cups of water to a boil.
2. Add a generous pinch of kosher salt.
Add polenta
3. Gradually whisk in the polenta to avoid clumping.
4. Reduce the heat to low and cook, stirring frequently, for 30-40 minutes until thickened and creamy.
Incorporate cream and mascarpone
5. Stir in the heavy cream and continue cooking for an additional 5-10 minutes.
6. Remove from heat and fold in the mascarpone cheese, grated Parmesan, and butter until fully incorporated and smooth.
Season
7. Season to taste with additional kosher salt and freshly ground black pepper.
Serve
8. Serve hot as a base for the mushroom ragu or other dishes.","N/A"
"Squash Puree Old","Appetizers & Sides","4 lb Acorn Squash, peeled and seeded diced
1/2 cup Olive Oil
10 tsp Garlic, minced
1 cup Vegetable Stock
1/4 cup Heavy Cream
to taste Kosher Salt
to taste Ground Black Pepper Freshly
1/4 tsp Whole Nutmeg, grated","Roast squash
1. Preheat oven to 400°F (204°C).
2. Toss the cubed butternut squash with olive oil, minced garlic, kosher salt, and black pepper.
3. Spread the squash on a baking sheet in a single layer and roast for 25-30 minutes, until tender and lightly caramelized.
Blend
4. Transfer the roasted squash to a blender or food processor.
5. Add the vegetable stock and blend until smooth and creamy.
6. If desired, add heavy cream for a richer texture.
Adjust seasoning
7. Taste and adjust seasoning with additional kosher salt, black pepper, and a pinch of nutmeg if using.
Store or use
8. Cool the purée and refrigerate until needed, or use immediately in risotto or as a sauce for gnocchi.","N/A"
"Pickled Apple Relish Old","Sauces & Condiments","6 Apples peeled, cored, and finely diced, Granny Smith or Honeycrisp
1 1/2 cup Cider Vinegar Apple
1 cup Water
1/2 cup Sugar
1 tbsp Kosher Salt
4 tsp Mustard Seed
2 tsp Black Peppercorns Whole
4 Bay Leaf Dried Leaves
1 Cinnamon Stick","Prepare pickling liquid
1. In a medium saucepan, combine apple cider vinegar, water, sugar, kosher salt, mustard seeds, black peppercorns, bay leaves, and the cinnamon stick.
2. Bring the mixture to a simmer, stirring to dissolve the sugar and salt.
Add apples
3. Add the finely diced apples to the simmering pickling liquid.
4. Simmer gently for 5-7 minutes, until the apples are slightly softened but still hold their shape.
Cool and store
5. Remove from heat and allow the relish to cool to room temperature.
6. Transfer the mixture (with the pickling liquid) to a clean container and refrigerate.","N/A"
"Caramelized Pear","Desserts","8 Pears peeled, cored, and quartered, Bosc or Anjou
1/2 cup Unsalted Butter
1/2 cup Brown Sugar
1/4 cup Honey
2 tbsp Lemon, juice
1 tsp Ground Cinnamon optional
pinch Kosher Salt","Prepare pears
1. Heat the butter in a large sauté pan over medium heat until melted.
2. Add the quartered pears, and cook until they begin to soften, about 3-4 minutes.
Caramelize
3. Sprinkle the brown sugar over the pears and stir gently to coat.
4. Add honey, lemon juice, and cinnamon (if using).
5. Continue to cook, stirring occasionally, until the pears are tender and the sugar mixture has caramelized and thickened, about 8-10 minutes.
Finish
6. Season with a pinch of kosher salt.
7. Remove from heat and allow to cool.","N/A"
"Beurre Noisette","Sauces & Condiments","4 cup Butter, cubed
to taste Kosher Salt","Melt butter
1. In a large saucepan, melt the butter over medium heat.
2. Stir or swirl the pan occasionally as the butter foams.
Brown the butter
3. Continue cooking the butter until the milk solids begin to brown and the butter turns a golden-brown color with a nutty aroma. Watch closely to avoid over-browning.
4. Once browned, immediately remove from heat.
Strain and cool
5. Strain the brown butter through a fine-mesh sieve or cheesecloth to remove the browned milk solids.
6. Allow the butter to cool, then transfer it to a container for storage.
Store for service
7. Store the strained brown butter at room temperature for daily use or refrigerate for longer storage.","N/A"
"Gin And Tonic Marinade/Dredge Old","Sauces & Condiments","6 cup Buttermilk
1 cup Gin
1 cup Tonic Water
1/4 cup Lime, juice about 4 limes
1/4 cup Lemon, juice about 2 lemons
10 tsp Garlic, minced
2 tbsp Juniper Berries crushed, optional: steep and strain
2 tbsp Thyme, chopped Fresh, optional: steep and strain
1 tbsp Black Peppercorns crushed, optional: steep and strain
2 tbsp Kosher Salt
For dredge:
4 cup All Purpose Flour
1/2 cup Corn Starch for extra crispiness
2 tbsp Smoked Paprika
1 tbsp Garlic Powder
1 tbsp Onion Powder
1 tbsp Kosher Salt
2 tsp Ground Black Pepper
2 tsp Cayenne Pepper, optional, for heat
1 tsp Dried Thyme
1 tsp Dried Oregano","Infuse liquids
1. In a small saucepan, combine gin, tonic water, lime juice, lemon juice, juniper berries, thyme, and black peppercorns.
2. Bring to a gentle simmer for 5-10 minutes to infuse the flavors.
3. Strain the mixture through a fine mesh sieve to remove all solids.
Combine with buttermilk
4. In a large mixing bowl, combine the infused liquid with buttermilk, garlic, and kosher salt.
5. Whisk to combine into a smooth marinade.
Marinate
6. Submerge chicken breasts in the marinade, ensuring they are fully covered.
7. Cover and refrigerate for at least 4-6 hours, or overnight for optimal flavor and tenderness.
Remove and cook
8. Remove chicken breasts from the marinade, pat dry, and proceed with dredging and frying.","N/A"
"Tarragon Vinegar 'old'","Sauces & Condiments","2 cup White Wine Vinegar
1 cup Tarragon, leaves Fresh lightly bruised
2 tsp Black Peppercorns crushed, optional","1. Lightly bruise the fresh tarragon leaves to release their oils by gently pressing them with the back of a knife or a rolling pin.
2. In a clean, sterilized jar, combine the white wine vinegar, bruised tarragon leaves, and crushed black peppercorns (if using).
3. Seal the jar tightly and let it sit in a cool, dark place for 1-2 weeks to infuse, shaking the jar occasionally to mix.
4. After the infusion period, strain out the tarragon leaves and peppercorns using a fine-mesh sieve or cheesecloth.
5. Transfer the tarragon-infused vinegar to a clean bottle for storage.
6. Store in a cool, dark place or in the refrigerator. The vinegar will continue to develop flavor over time.",""
"Tarragon Slaw","Soups & Salads","1 medium Green Cabbage finely shredded
1 medium Red Cabbage finely shredded
2 Carrots, peeled and julienned
1/2 Red Onion thinly sliced
1/4 cup Tarragon Vinegar
1/4 cup Olive Oil
2 tbsp Honey
2 tsp Dijon Mustard
to taste Kosher Salt
to taste Ground Black Pepper Freshly
2 tbsp Tarragon Fresh chopped","1. In a small mixing bowl, whisk together the tarragon vinegar, olive oil, honey, Dijon mustard, kosher salt, and freshly ground black pepper until well combined.
2. In a large bowl, combine the shredded green cabbage, red cabbage, julienned carrots, and thinly sliced red onion.
3. Pour the dressing over the vegetables and toss to coat evenly.
4. Let the slaw sit for at least 30 minutes in the refrigerator to allow the flavors to meld.
5. Just before serving, sprinkle the chopped fresh tarragon over the slaw for extra flavor.",""
"Heirloom Carrots","Appetizers & Sides","5 lb Carrots Small Multicolored Heirloom with stems cleaned
1/4 cup Olive Oil
3 tbsp Honey
2 tsp Ground Cumin
2 tsp Ground Coriander
to taste Kosher Salt
to taste Ground Black Pepper Freshly
2 tbsp Herb Mix","1. Preheat oven to 350°F (175°C).
2. In a large mixing bowl, toss the whole heirloom carrots with olive oil, honey, ground cumin, ground coriander, kosher salt, and freshly ground black pepper.
3. Ensure the carrots are evenly coated.
4. Spread the carrots in a single layer on a baking sheet.
5. Roast for 15-20 minutes, or until the carrots are just tender but still firm enough to hold their shape.
6. Remove from the oven and allow the carrots to cool.
7. Once cooled, transfer the carrots to a container and refrigerate until service.
8. When ready to serve, reheat the carrots by searing them in a hot pan with a bit of olive oil or butter until they are fully warmed through and slightly caramelized.
9. Garnish with fresh parsley and serve hot.",""
"Citrus Hot Honey","Sauces & Condiments","4 cup Honey
2 tbsp Lemon, zest about 2 lemons
2 tbsp Orange about 2 oranges
4 Fresno Peppers Chilies, sliced, depending on desired heat level
2 tbsp Cider Vinegar Apple
1 tsp Kosher Salt","1. In a medium saucepan, combine the honey, lemon zest, orange zest, sliced Fresno chilies, and apple cider vinegar.
2. Heat over low heat for 10-15 minutes, stirring occasionally, until the honey is infused with the citrus and chili flavors. Do not let the honey boil.
3. Remove the honey from the heat and let it cool slightly.
4. Strain out the citrus zest and chili slices using a fine mesh sieve or cheesecloth, leaving a smooth, flavored honey.
5. Stir in the kosher salt to balance the sweetness.
6. Transfer the citrus hot honey to a clean container.",""
"Broccoli Rabe Old","Appetizers & Sides","5 lb Broccoli Rabe trimmed
1/4 cup Olive Oil
8 tsp Garlic, minced
1/2 tsp Red Pepper Flakes optional
1 Lemon, juice
to taste Kosher Salt
to taste Ground Black Pepper Freshly","1. Bring a large pot of salted water to a boil.
2. Blanch the broccoli rabe for 2-3 minutes until bright green and tender.
3. Immediately transfer to an ice bath to stop cooking. Drain and pat dry.
4. Cool the blanched broccoli rabe and store it in the refrigerator until ready to finish à la minute.
5. Heat olive oil in a sauté pan over medium heat.
6. Add minced garlic and red pepper flakes (if using), and sauté until fragrant, about 30 seconds.
7. Add the blanched broccoli rabe to the pan and sauté for 2-3 minutes, tossing to coat in the garlic and oil.
8. Squeeze fresh lemon juice over the broccoli rabe and season with kosher salt and freshly ground black pepper.
9. Serve hot as a side or a component of another dish.",""
"Olive Crumb","Prep & Pantry","1 lb Castelvetrano Olives pitted and finely chopped
2 cup Breadcrumbs Fresh
1/4 cup Olive Oil
2 tsp Garlic, minced
2 tbsp Parsley, chopped Fresh
1 tsp Lemon, zest
to taste Kosher Salt
to taste Ground Black Pepper Freshly","1. Heat olive oil in a large sauté pan over medium heat.
2. Add the breadcrumbs and toast, stirring frequently, until golden brown and crisp, about 5-7 minutes.
3. Remove from the pan and set aside.
4. In the same pan, add the minced garlic and chopped Castelvetrano olives.
5. Sauté for 1-2 minutes, until the garlic is fragrant and the olives are warmed through.
6. Remove from heat and combine the toasted breadcrumbs with the sautéed olives, garlic, lemon zest, and fresh parsley.
7. Season with kosher salt and freshly ground black pepper to taste.
8. Let the scrod crumb cool completely, then store in an airtight container until ready to use.",""
"Pomegranate And Black Garlic Glaze Old","Sauces & Condiments","2 cup Pomegranate Juice
1/2 cup Pomegranate Molasses
6 clove Black Garlic mashed into a paste
2 tbsp Honey
2 tbsp Balsamic Vinegar
1 tsp Kosher Salt
to taste Ground Black Pepper Freshly","1. In a medium saucepan, combine the pomegranate juice, pomegranate molasses, and honey.
2. Bring to a simmer over medium heat, stirring occasionally.
3. Once the mixture begins to reduce, whisk in the black garlic paste until fully incorporated.
4. Continue simmering until the glaze reduces by half and thickens to a syrupy consistency, about 15-20 minutes.
5. Stir in the balsamic vinegar, kosher salt, and freshly ground black pepper.
6. Simmer for another 2-3 minutes, then remove from heat.
7. Let the glaze cool completely, then transfer to a container for storage.",""
"Chive Oil Old","Sauces & Condiments","2 cup Chives Fresh roughly chopped
1 cup Neutral Oil such as grapeseed or canola
1 tsp Kosher Salt
1/4 tsp Ascorbic Acid","1. Bring a small pot of salted water to a boil.
2. Blanch the chopped chives for 10-15 seconds, then immediately transfer to an ice bath to stop the cooking.
3. Drain and pat dry thoroughly.
4. In a blender, combine the blanched chives with ascorbic acid and a pinch of kosher salt.
5. Blend until the chives are smooth, ensuring the ascorbic acid is fully incorporated.
6. Gradually add the neutral oil to the blender and continue blending until the mixture is fully emulsified and the oil is a vibrant green.
7. Strain the oil through a fine-mesh sieve or cheesecloth to remove any solids.
8. Transfer the chive oil to a bottle or container and store in the refrigerator.",""
"Roasted Fall Squash Old","Appetizers & Sides","10 lb Autumn Squash Peeled, Seeded, And Cubed
1/4 cup Olive Oil
2 tsp Garlic, minced
2 tbsp Thyme, chopped Fresh
to taste Kosher Salt
to taste Ground Black Pepper Freshly","1. Preheat oven to 375°F (190°C).
2. In a large mixing bowl, toss the cubed squash with olive oil, minced garlic, fresh thyme, kosher salt, and black pepper.
3. Spread the squash evenly on a baking sheet.
4. Roast for 20-25 minutes, or until tender but not too soft, as it will be finished à la minute.
5. Remove from the oven and allow to cool.
6. Take half of the roasted squash and transfer to a blender or food processor.
7. Blend until smooth to create the purée. Add a touch of olive oil or stock for smoother consistency if needed.
8. Store the purée in the refrigerator until ready for use in gnocchi and risotto.
9. Cool the remaining roasted squash and refrigerate until ready to finish the burrata dish à la minute.
10. Reheat the cooled roasted squash in a hot sauté pan with a bit of olive oil until warmed through and lightly caramelized.
11. Plate with burrata, drizzle with Fresno maple syrup, and sprinkle with toasted pepitas and chopped oregano.",""
"Fresno Maple Syrup","Sauces & Condiments","4 cup Maple Syrup Pure
6 Fresno Peppers Chilies, thinly sliced
2 tbsp Cider Vinegar Apple
1/2 tsp Kosher Salt","1. In a medium saucepan, combine the maple syrup and sliced Fresno chilies.
2. Heat over low heat for 10-15 minutes, allowing the syrup to infuse with the chili flavor. Do not let it boil.
3. Stir in the apple cider vinegar and kosher salt.
4. Continue to heat for another 2-3 minutes to fully incorporate the flavors.
5. Remove from heat and strain out the chili slices using a fine mesh sieve, leaving a smooth, flavored syrup.
6. Let the syrup cool, then transfer to a bottle or container for storage.",""
"Buttermilk Marinade For Hot Chicken 'old'","Sauces & Condiments","1/2 gallon Buttermilk
1/2 cup Salt And Pepper mix
2 cup Spent Chilis From Hot Sauce spent chili from","1. Mix all in bowl with whisk.
2. Mix in pounded chicken and let marinade in walk in cooler minimum 4 hours.",""
"Brine For Airline Chicken","Prep & Pantry","1 gallon Water
1 cup Kosher Salt 190 grams
3/4 cup Brown Sugar 150 grams
4 Garlic, cloves smashed
2 Bay Leaf Dried leaves
1 tbsp Black Peppercorns
4 sprig Thyme
2 sprig Rosemary
1 Lemon thinly sliced, optional","1. Mix kosher salt, brown sugar, garlic, bay leaves, peppercorns, thyme, rosemary, and lemon slices in a Cambro.
2. Add half boiling water from the coffee tap and stir until dissolved.
3. Add half ice from the ice machine to cool the brine below 40°F.
4. Submerge chicken in the brine, ensuring full coverage. Refrigerate for 6-8 hours, no longer than 12 hours.",""
"Whipped Potatoes","Appetizers & Sides","1 big pot Yukon Gold Potato
5 Butter
2 Heavy Cream","1. Fill a large pot with Yukon Gold potatoes and boil them in salted water until they are easy to pierce with a knife.
2. Drain the potatoes and steam dry them on a sheet tray.
3. Assemble the mixer with the ricer attachment of the meat grinder. Feed the potatoes through the meat grinder. The ricer attachment will create fine granules of potato while leaving the skin behind. You may need to stop and take apart the attachment once to clear any skin buildup.
4. Once all the potatoes are riced, melt together 3 lbs of butter and 2 quarts of cream until fully combined.
5. Transfer the potatoes to a stand mixer and mix in the butter and cream mixture until well incorporated.
6. Spread the mashed potatoes onto sheet trays to cool.
7. Once cooled, transfer the potatoes into clear Cambros, date the containers, and store in the cooler.",""
"Short Ribs pho spiced","Mains & Entrees","2 pack Beef Short Ribs Boneless
3 Onion
3 Ginger
1 gallon Veal Demi Glace
12 Green Cardamom pods
3 Whole Nutmeg
4 Cinnamon Stick whole
1 ramekin Clove
1 ramekin Black Peppercorns
1 ramekin Corrainder","1. Thaw short ribs if needed.
2. Clean the ribs thoroughly, removing any hard suet. Cut the ribs into 9-11 oz portions.
3. Mix together flour, Chinese five-spice, salt, and pepper to create a dredge. Coat the ribs in the dredge mixture.
4. On the flat top, grill the ribs in garlic oil until all sides are browned.
5. Char onions and ginger directly on the burners. Dry toast spices in a pan until slightly over-toasted.
6. Place the browned ribs, toasted spices, and aromatics into a hotel pan. Add 1 gallon of veal demi.
7. Braise the ribs for 4 hours at 300°F.
8. Remove the ribs from the braising liquid and strain the jus.
9. Cool the ribs and jus separately, then store in the cooler.",""
"Squash Gnocchi","Mains & Entrees","1 #10can Pumpkin Puree
5 lb Ricotta
1 qt Parmesan
4 Egg
2 #10can Flour 00
Whole Nutmeg","1. Combine pumpkin purée, ricotta, Caputo flour, Parmesan, eggs, and nutmeg in a stand mixer and mix until a dough forms.
2. Turn the dough out onto a floured surface.
3. Use a vegetable cleaver to divide the dough into manageable portions.
4. Roll each portion into ropes, then cut the ropes into individual dumplings.
5. Freeze the dumplings raw, then pack them into gallon baggies in portions of 12.",""
"Tamarind Dressing","Sauces & Condiments","2 jar Tamarind Paste concentrate
1 cup Cider Vinegar apple
1 cup Sugar
1 cup Honey
to taste Salt And Pepper
2 qt Vegetable Oil
4 oz Dijon Mustard","1. Combine tamarind, sugar, honey, vinegar, Dijon mustard, salt, and pepper in a Cambro or RoboCoupe.
2. Blend the mixture until fully combined.
3. Slowly drizzle in oil while blending until the mixture is emulsified.
4. Transfer the emulsion to a 4-quart Cambro.
5. Date the container and store it in the cooler.",""
"Crispy Eggplant","Prep & Pantry","5 Eggplant
Flour
Egg
Breadcrumbs seasoned","1. Wash 3-5 eggplants, depending on size.
2. Slice the eggplants 1/2 inch thick using a slicer.
3. Marinate the eggplant slices in salted milk for a minimum of 4 hours.
4. Remove the eggplants from the milk and set up a breading station with flour, eggs, and seasoned crumbs.
5. Prepare the seasoned crumbs by combining equal parts bread crumbs and Parmesan cheese. Add a ramekin of garlic powder, pepper, and onion powder, along with a small ramekin of basil and oregano.
6. Bread the eggplant slices by coating them in flour, dipping them in egg, and covering them in the seasoned crumbs.
7. Place the breaded eggplant slices into parchment-lined blue fish tubs.
8. Date the tubs and store them in the cooler.",""
"Orange Labneh","Sauces & Condiments","2 Labne
2 Orange
4 oz Zaatar","1. Mix labneh with orange juice and orange zest until well combined.
2. Stir in za'atar to evenly incorporate.
3. Transfer the mixture to a container.
4. Date the container and store in the cooler.",""
"Hipster Mk 4","Appetizers & Sides","1 large Carrots carrot
1 large Zucchini
1 cup Roasted Tomatoes
1 cup Garlic roasted
1 bag Edamame Frozen Shelled
4 oz Herb Mix
4 qt Breadcrumbs","1. Shred carrots and zucchini using a cheese grater.
2. Grind frozen edamame in a food processor until crumbly.
3. Add 1 cup of roasted tomatoes and roasted garlic to the edamame and process until combined.
4. Mix the edamame mixture with the shredded carrot and zucchini.
5. Stir in herbs and bread crumbs until evenly incorporated.
6. Let the mixture stand for 30 minutes; it will resemble a dough.
7. Portion the mixture into 8 oz pucks and freeze.",""
"Birria","Mains & Entrees","For the Meat:
20 lb Flap Meat trimmed into manageable portions, -3-4 lbs per piece
4 large Onion halved
20 Garlic, cloves
8 Bay Leaf Dried leaves
4 stick Cinnamon Stick optional
1/2 cup Kosher Salt
Water to cover the meat
For the Marinade:
40 Guajillo Chili Peppers seeded and stemmed
1/2 cup Aleppo Pepper
1/2 cup Dark Chili Powder
12 Garlic, cloves
4 large Onion quartered
1/2 cup Ground Cumin
1/2 cup Dried Oregano
1 clove Salt And Pepper ground
1 1/2 cup Cider Vinegar apple
4 large Roma Tomato or 1/2 cups tomato paste
4 cup Beef Stock to blend
2 tbsp Ground Black Pepper
For the Broth:
3 gallon Beef Stock or bone broth
Reserved Cooking Liquid From The Meat
1/2 cup Cider Vinegar apple
to taste Salt","1. Place the trimmed flap meat in a large stockpot (or split into multiple pots if needed). Add the onions, garlic, bay leaves, cinnamon, and salt. Cover with water and bring to a boil.
2. Simmer gently for 1.5-2 hours, or until the meat is tender. Skim impurities during cooking.
3. Remove the meat and set aside. Strain and reserve the cooking liquid.
4. Toast the guajillo chilies in batches until aromatic. Soak them in hot water for 15-20 minutes to soften.
5. Blend the softened guajillos with Aleppo pepper, dark chili powder, garlic, onion, cumin, oregano, cloves, apple cider vinegar, tomatoes, and beef stock. Blend in batches until smooth.
6. Return the cooked meat to the stockpot(s). Add the marinade and enough reserved cooking liquid and beef stock to cover the meat completely.
7. Simmer gently for 2-3 hours, allowing the meat to become extremely tender and soak up the flavors.
8. Shred the meat directly in the pot(s). Taste and adjust seasoning with additional salt or a splash of apple cider vinegar if necessary.
9. Keep warm for service or cool down rapidly for storage.
10. For tacos, dip corn tortillas into the top layer of the broth and sear on a griddle. Fill with birria, onions, cilantro, and lime.",""
"Pepperoncini Hot Sauce","Sauces & Condiments","1 gallon Pepperoncini jarred peperoncini
1 qt Peperoncini Brine
1 qt Water
1 pint Champagne Vinegar
2 cup Extra Virgin Olive Oil
1 cup Sugar
1/3 cup Salt
1/3 cup Garlic Powder
2 tbsp Xanthan Gum
1 tbsp Turmeric Powder
1 tbsp Ascorbic Acid","1. Blend Base: In a blender, combine the peperoncini, water, vinegar, olive oil, sugar, sea salt, garlic powder, turmeric, and rosemary extract. Blend until smooth.
2. Thicken & Adjust: Add xanthan gum slowly while blending to avoid clumping. Blend until fully incorporated.
3. Color & Preserve: Add ascorbic acid. Adjust seasoning to taste.
4. Strain (Optional): For a smoother texture, strain through a fine mesh sieve or cheesecloth.",""
"Peanut Satay Sauce","Sauces & Condiments","For peanut butter:
4 cup Peanuts Shelled Roasted roasted unsalted peanuts
1/2 cup Neutral Oil like peanut or vegetable oil
pinch Kosher Salt if peanuts are unsalted
For sauce:
4 cup Peanut Butter freshly made, from above
2 cup Hot Water
1 cup Red Curry Paste Thai
1 cup Light Brown Sugar
1 cup Hot Sauce sriracha
1/2 cup Soy Sauce
1/2 cup Rice Vinegar
1/2 cup Lime, juice
1 oz Fresno Gremolata
16 Scallions thinly sliced
to taste Kosher Salt","Note: The method section for this recipe is missing from the source document.",""
"Apricot Mostarda","Sauces & Condiments","1.5 lb Dried Apricots, diced
1.5 cup Champagne Vinegar
1 cup White Wine
1 cup Water
1 cup Honey
1/2 cup Granulated Sugar
3 tbsp Yellow Mustard Seed
2 tbsp Dijon Mustard
1 tsp Chili Flakes flake
1 tbsp Kosher Salt
1/2 cup Herb Mix fresh or parsley, finely chopped
1 tbsp Lemon, zest","1. Toast 3 tbsp yellow mustard seeds in a large pot over medium heat until fragrant (about 2 minutes).
2. Add 1 tsp chili flake and bloom for 30 seconds.
3. Deglaze with 1.5 cups champagne vinegar, 1 cup white wine, and 1 cup water.
4. Stir in 1/2 cup sugar and 1 cup honey until dissolved.
5. Add 1.5 lbs diced apricots, 2 tbsp Dijon mustard, and 1 tbsp kosher salt.
6. Simmer on low heat, uncovered, for 30-40 minutes, stirring occasionally, until apricots are plump and liquid is lightly syrupy but still loose.
7. Remove from heat and fold in 1/2 cup chopped herbs and 1 tbsp lemon zest.
8. Taste and adjust with additional vinegar or honey if needed.
9. Cool and store. Holds 1 week fresh, 1 month chilled.","Holds 1 week fresh, 1 month chilled."
"Black Garlic Mole","Sauces & Condiments","1 1/2 cup Black Garlic
8 Ancho Chilies
6 Guajillo Chili Peppers
1 1/2 cup Pepitas, toasted
1 cup Whole Almonds
2 White Onion Charred large, quartered & blackened
8 Garlic, cloves Charred blackened
3 Crushed Tomatoes Fire-Roasted Tomatoes cups, peeled & crushed
1/2 cup Cocoa Nibs
1/3 cup Honey
1/3 cup Sherry Vinegar
1 Cinnamon Stick whole
1/2 Clove tsp, ground
2 qt Pork Braise Liquid
4 pc Corn Tortilla charred on fire
1/2 cup Butter","1. Toast ancho & guajillo chiles in a dry pan until fragrant (~1 min per side).
2. Submerge in hot water for 20 minutes, then drain.
3. Blacken onions & garlic in a dry pan or under a broiler.
4. In a high-speed blender, combine rehydrated chiles, charred onions & garlic, fire-roasted tomatoes, black garlic, cocoa nibs, toasted pepitas & almonds, vinegar, honey, cinnamon, and clove.
5. Blend smooth, adding stock in increments to adjust consistency.
6. In a rondeau, heat lard or butter over medium heat.
7. Pour in mole base, stirring constantly.
8. Add charred tortilla pieces to thicken.
9. Simmer on low for 45-60 minutes, stirring frequently.
10. Add extra stock if needed to maintain a silky, spoon-coating consistency.
11. Strain through a fine mesh.",""
"Burnt Chili Butter","Sauces & Condiments","1 cup Unsalted Butter
4 pc Guajillo Chili Peppers, stem & seed removed
1 pc Ancho Chilies, stem & seed removed
3 Garlic, cloves thinly sliced
1 Shallot finely minced
1 tsp Smoked Paprika
1 tsp Lemon, zest
1 tbsp Sherry Vinegar
to taste Salt","1. Toast chiles - In a dry pan over medium-low heat, toast the guajillo and ancho chiles until fragrant (~30 seconds per side). Do not burn. Remove from heat.
2. Infuse butter - In a small saucepan, melt butter over low heat. Add toasted chiles, garlic, shallot, and smoked paprika.
3. Gently burn the butter - Continue cooking until the butter foams and turns deep golden brown, stirring occasionally (~3-4 minutes).
4. Finish - Remove from heat and stir in lemon zest, sherry vinegar, and salt.
5. Strain (optional) - If a smooth butter is desired, strain through a fine mesh sieve.
6. Storage - Keep warm for service, or cool and roll into a log for compound butter slices.",""
"Fennel Pollen Gremolata","Prep & Pantry","1 tbsp Fennel Pollen
1/2 leaf Parsley Flat-cup, finely chopped
2 Chives tbsp, finely chopped
1 tbsp Lemon, zest
1 cup Clove Garli microplaned
1/4 Pepitas Toasted Almonds or cup, finely chopped, Optional
1/4 cup Olive Oil
to taste Black Salt Salt & Black Pepper","1. Combine fennel pollen, parsley, chives, lemon zest, garlic, and toasted nuts (if using) in a bowl.
2. Drizzle in olive oil and stir until lightly coated-should be loose and herbaceous, not oily.
3. Season with salt & black pepper to balance flavors.
4. Let sit for 5-10 minutes before service to allow flavors to meld.
5. Use immediately or store for up to 1 day (best fresh).","Shelf Life: Up to 1 day (best fresh)"
"Smoky Eggplant Dip","Appetizers & Sides","8 large Eggplant
8 cup Clove Garli roasted until soft
1 1/2 cup Tahini
1 cup Lemon, juice
1 cup Olive Oil
2 tsp Fennel Pollen
4 tsp Cumin Seed
2 tsp Smoked Paprika
2 tsp Chili Flakes
to taste Black Salt Salt & Black Pepper","1. Char the eggplants - Roast whole eggplants directly over a flame (grill, broiler, or stovetop) until blackened and collapsing, about 10-12 minutes. Alternatively, roast at 450°F until deeply softened, about 35-40 minutes. Let cool, then peel, keeping as much flesh as possible.
2. Blend base - In a food processor, combine eggplant, roasted garlic, tahini, lemon juice, olive oil, cumin, smoked paprika, chili flakes, and salt. Blend until smooth but slightly textured.
3. Adjust & finish - Taste and adjust salt, lemon, and spice as needed. Stir in fennel pollen.
4. Serve or store - Let rest for 30 minutes before service to allow flavors to meld.",""
"Pickle Raisin","Prep & Pantry","4 cup Golden Raisins 1 lb
1 1/2 cup Champagne Vinegar
1/2 cup Water
1/4 cup Honey
1/4 cup Sugar
1 tbsp Salt
1 tsp Chili Flakes dried, or Aleppo
1 Bay Leaf Dried
1 tsp Mustard Seed
1 tsp Coriander Seed","1. In a saucepan, bring champagne vinegar, water, honey, sugar, salt, chili flakes, bay leaf, mustard seeds, and coriander seeds to a simmer, stirring until the sugar dissolves.
2. Add the golden raisins, then remove from heat and let them sit for at least 30 minutes to absorb the flavors.
3. Cool and store in the pickling liquid. Keeps for up to 2 weeks refrigerated.","Keeps for up to 2 weeks refrigerated."
"Pork For Masa","Prep & Pantry","5 Pork Shoulder lbs, cut into large chunks
2 tbsp Salt
1 tbsp Ground Black Pepper
1/4 cup Lard Oil or
1 White Onion large, quartered
6 Garlic, cloves smashed
4 Guajillo Chili Peppers, stem & seed removed
1 Ancho Chilies, stem & seed removed
2 tsp Cumin Seed Toasted & Ground
2 tsp Dried Mexican Oregano
2 Bay Leaf Dried Leaves
2 tbsp Tomato Paste
1/4 cup Sherry Vinegar
4 cup Water Stock or, enough to cover","1. Season & sear the pork - Generously season pork with salt & black pepper. Heat oil or lard in a rondeau over medium-high heat, then sear pork until golden brown on all sides. Remove and set aside.
2. Aromatics & chiles - In the same pan, add onions, garlic, guajillo, and ancho chiles. Toast until fragrant, about 2 minutes.
3. Deglaze & build flavor - Stir in tomato paste, cumin, oregano, bay leaves, and sherry vinegar to deglaze. Cook for 1 minute.
4. Braise - Return pork to the pan, add stock or water, and bring to a simmer. Cover and braise at 300°F for 3 hours until fork-tender.
5. Shred & reduce - Remove pork and shred by hand. Strain the braising liquid, reduce slightly if needed, then fold back into the pork to keep it juicy.",""
"House Vinaigrette","Sauces & Condiments","1 qt Champagne Vinegar
3 qt Olive Oil or blended
1/4 cup Dijon Mustard
2 ea Shallot finely minced
4 tsp Honey or sugar
2 to taste Kosher Salt tsp
1 1/2 to taste White Peppercorns freshly ground tsp","1. Add vinegar, mustard, honey, shallot, salt, and pepper to the bowl.
2. Pulse to combine.
3. With the machine running, slowly stream in oil through the feed tube to emulsify.
4. Stop, taste, and adjust seasoning.
5. Transfer to storage container. Mix or shake before service if separation occurs.",""
"Cilantro Slaw Mk2","Sauces & Condiments","2 qt Mayo
1 pint Lime, juice 1/2 qt
1 cup Dijon Mustard 1/4 qt
1/2 cup Ground Black Pepper
1 cup Sugar
3 bunch Cilantro, chopped
1/4 cup Ginger Dried","1. Whisk all till well combined.
2. Date and store in reach-in in a cambro.",""
"Rouille","Sauces & Condiments","4 Egg, yolks
3 tbsp Lemon, juice
1/2 Lemon, zest
2 tbsp Warm Water
Saffron big pinch threads
4 cup Clove garli grated
1 tbsp Calabrian Chili Paste
1 tsp Smoked Paprika
1/2 cup Red Bell Pepper packed roasted peeled
1 cup Olive Oil extra-virgin
1 cup Neutral Oil
1 1/2 tsp Kosher Salt","1. Bloom saffron in warm water 2 min.
2. Blend yolks, lemon juice, bloom liquor, garlic, chile paste, and smoked paprika 10 s.
3. Add roasted pepper, blend 20 s until smooth.
4. With motor running, stream in both oils to full emulsification (≈90 s).
5. Season with salt, adjust acid, pass through chinois, chill.",""
"A1","Sauces & Condiments","1 cup Raisins
1 cup Water
1 cup Tomato Puree purée, or ketchup for smoother/sweeter base
3/4 cup Balsamic Vinegar
1/2 cup Worcestershire Sauce
1/4 cup Dijon Mustard
1/4 cup Soy Sauce
2 tbsp Lemon, juice
2 tbsp Molasses
1 tbsp Garlic Powder
1 tbsp Onion Powder
1/2 tsp Clove, ground
1/2 tsp Cayenne
1 tsp Anchovy Paste optional but classic","1. Simmer raisins and water for 10 minutes until plumped.
2. Blend the raisins and water into a smooth paste.
3. Combine all ingredients including raisin paste in a saucepan.
4. Simmer gently for 25-30 minutes, stirring often until slightly reduced and thickened.
5. Blend again for a glossy, smooth finish (optional strain for ultra fine texture).
6. Cool and store cold. Serve warm if mounting into a dish or brushing on protein.",""
"Focaccia Mk2","Breads & Doughs","1600 g All Purpose Flour
60 g Salt coarse
20 g Dry Active Yeast
30 g Honey
1200 g Warm Water 100°F
120 g Olive Oil plus more for pan and finishing
Basil chives, rosemary
Garlic roasted
1/2 cup Herb Mix","1. Turn on Dagnese's bread oven or the oven beneath the flat top.
2. In the Hobart bowl, combine flour, salt, instant yeast, and water. Mix on low speed until fully incorporated. Add olive oil and any soft, whole herbs past their prime. Continue mixing on low until combined, then increase to high speed and mix for exactly 5 minutes to develop gluten.
3. Transfer the dough to a lightly oiled mixing bowl. Cover tightly with plastic wrap and place above the salamander to proof until doubled in size-45 to 60 minutes. Dough should slowly spring back when pressed with a fingertip.
4. Line a hotel pan with parchment paper and lightly grease both the paper and the sides of the pan. Gently turn the dough out into the pan and stretch to fill the corners with oiled hands.
5. Proof again above the salamander until visibly puffy-approximately 30 to 45 minutes.
6. Dimple the surface with oiled fingertips. Drizzle generously with olive oil and top with thin-sliced raw garlic and herbs, pressing lightly into the surface to prevent burning.
7. Bake in the bread oven or oven beneath the flat top for 30 to 40 minutes. The crust should be golden brown and make a crisp, hollow tap when touched. The bottom should release cleanly from the parchment and be deeply golden.
8. Cool in the pan for 30 minutes before unmolding. Once fully cool, wrap tightly in plastic to prevent drying out.",""
"Bread Pudding Mk2","Desserts","900 g Challah Bread cubed or torn, 2 lbs
6 ea Egg, whole large
4 ea Egg, yolks
720 g Heavy Cream 3 cups
480 g Milk Whole, 2 cups
200 g Brown Sugar 1 cup, packed
1 tbsp Vanilla Extract
1 tsp Salt
250 g Chocolate Chunks Dark, -1 1/2 cups
as needed Butter for greasing pan","1. Cube bread and toast if fresh.
2. Whisk custard (eggs, yolks, cream, milk, sugar, salt, vanilla).
3. Toss bread with chocolate, pour in custard. Soak minimum 1 hour, ideally overnight.
4. Swirl in half of the toasted marshmallow crème.
5. Bake uncovered at 325°F for 40-50 min, until just set.",""
"Chicken Paprikash","Mains & Entrees","0.5 cs Chicken Thigh boneless skinless
12 large Onion, julienne caramelized
2.5 gal Chicken Demi Glace
6 tbsp Smoked Paprika added to chicken marinade.
1 Cont Creme Fraiche
to taste Salt And Pepper
1 btl White Verjus
4 oz Smoked Paprika added to the braise liquid","1. Caramelize onions in butter until deep golden, low and slow.
2. Add smoked paprika, bloom gently.
3. Marinate chicken in garlic oil, smoked paprika and salt + pepper. Grill on flat top till caramelized on both sides.
4. Add demi, onions and grilled chicken to a deep hotel pan.
5. Cover with parchment and foil then braise in oven at 300°F until chicken is tender (-2 hours).
6. Remove solids from the hotel pan. Leaving behind the jus.
7. Place creme fraiche into a bowl and whisk in hot jus to temper the cream.
8. Adjust seasoning with salt and pepper.
9. Store in 5 qt red-lid Cambros.",""
"Boar Sausage Mk2","Prep & Pantry","5 lb Ground Boar
3 tbsp Kosher Salt
1 tbsp Ground Black Pepper cracked
8 cup Clove garli minced
1 tbsp Thyme, chopped fresh chopped
1 tbsp Sage, chopped fresh chopped
1 tbsp Rosemary, chopped fresh chopped
1 tbsp Smoked Paprika
1 tbsp Fennel Seed lightly toasted and ground
1/2 cup Red Wine dry
1 tsp Chili Flakes flake","1. Thaw boar overnight in walk-in on lined tray or in container, covered.
2. Combine all ingredients with ground boar. Mix until tacky and emulsified.
3. Test fry a small patty, adjust seasoning if needed.
4. Portion into 2 oz patties.
5. Cook patties fully, then chill on sheet tray.
6. Store chilled patties to be reheated with bean mix during cassoulet assembly.","Yields 40 patties (2 oz each). Store chilled, covered on lined sheet tray, 3 days at 38°F or below."
"Bean Mix For Cassoulet","Appetizers & Sides","Clove garli minced
1 #10can Canned White Beans
1/2 lb Pancetta diced
2 cup Mirepoix onion, carrot, celery small dice
6 cup Verjus or white wine if sub
1 cup Gelatin Sheet or 1 tbsp powdered, bloomed in cold water
3 Chicken Stock or bean liquid, adjust to cover
2 qt Herb Bundle thyme, rosemary, bay leaf, parsley stems
1 Kosher Salt pepper","1. Render pancetta in rondeau until lightly crisp, fat rendered.
2. Add mirepoix & garlic, sweat in pancetta fat until translucent.
3. Deglaze with verjus, reduce au sec.
4. Bloom gelatin, add into pot. Stir to dissolve.
5. Add beans and enough stock/liquid to just cover.
6. Add herb bundle, simmer gently until beans are tender and flavored (~45 min).
7. Remove herb bundle, adjust seasoning.
8. Cool on lined sheet tray for storage.","Yields ~1 full sheet tray beans. Store cooled, covered. Reheat gently with sausage patties and other cassoulet components. Beans should be creamy, not broken, with sauce clinging lightly."
"Herbed Breadcrumbs","Prep & Pantry","2 bunch Parsley, leaves leaves picked
1 bunch Basil, leaves leaves picked
1/2 bunch Spinach for color stability
4 Garlic, cloves
1/2 cup Olive Oil
1 qt Breadcrumbs dried
to taste Salt","1. Blanch herbs & spinach for 30 seconds in boiling salted water. Shock in ice bath, squeeze dry.
2. Blend blanched greens with garlic and olive oil into a smooth purée.
3. Fold purée into breadcrumbs until evenly coated deep green.
4. Spread on sheet tray and dry in low oven (~200°F) until crisp, stirring occasionally.
5. Cool completely before storing.","Yields ~1 full sheet tray crumb. Store in deli quart or Cambro, tightly sealed, up to 5 days at 38°F. Crumbs should stay bright green, crisp, and aromatic."
"Oxtail Ragu","Sauces & Condiments","16 lb Oxtail butchered & cleaned, frozen, thawed in walk-in
2 qt Soffritto onion, carrot, celery, garlic, olive oil
2 btl Red Wine Barbera, Côtes du Rhône, or similar
3 Pomodoro ladles, ~1 qt
2 qt Veal Demi Glace chicken or
4 qt Chicken Stock to cover as needed
2 Bay Leaf Dried leaves, thyme sprigs, black peppercorns
Kosher Salt","1. Thaw oxtail in walk-in overnight on sheet tray with rack.
2. Season & sear oxtail in neutral oil until well browned, set aside.
3. Build base: sweat soffritto until aromatic, lightly caramelized.
4. Deglaze with red wine, reduce by half.
5. Add pomodoro, demi, stock, herbs, and seared oxtail.
6. Cover & braise in oven at 300°F until meat is fork-tender (~3-4 hrs).
7. Pull oxtail, cool slightly, shred meat from bones.
8. Strain braising liquid to remove aromatics. Reduce jus to sauce consistency.
9. Fold shredded meat and reserved soffritto back into reduced jus.
10. Cool on sheet tray for storage.",""
"Cleveland Bbq Sauce","Sauces & Condiments","2 qt Mustard Bertman's Ballpark
1 qt Cider Vinegar
1 qt Dark Brown Sugar packed
2 cup Molasses
1/2 cup Worcestershire Sauce
1/2 cup Smoked Paprika
1/4 cup Garlic Powder
1/4 cup Onion Powder
2 tbsp Chili Flakes flake, optional
to taste Kosher Salt black pepper","1. Combine all ingredients in large rondeau.
2. Bring to simmer, whisking to dissolve sugar and molasses.
3. Cook gently 20-25 minutes, stirring often, until thickened and flavors integrated.
4. Cool on sheet tray, transfer to 4 qt red-lid Cambro.",""
"Green Apple Mostarda","Sauces & Condiments","20 large Green Apple peeled, cored, small dice, Granny Smith
1.5 cup Sugar
2 qt Cider Vinegar
1 cup White Wine
1 cup Dijon Mustard
1 cup Mustard whole-grain
1/2 cup Mustard Seed pickled
2 tbsp Chili Flakes flake, optional
pinch Kosher Salt","1. Combine apples, sugar, vinegar, and wine in rondeau.
2. Bring to simmer and cook until apples are just tender, syrup slightly thickened, and pieces hold shape.
3. Fold in Dijon, whole grain mustard, pickled mustard seeds, and chili flake. Adjust seasoning with salt.
4. Cool quickly on sheet tray, transfer to 4 qt red-lid Cambro.",""
"Sauce Verte","Sauces & Condiments","6 bunch Parsley, leaves leaves & tender stems
2 bunch Cilantro, leaves leaves & tender stems
2 bunch Basil, leaves leaves picked
1 bunch Mint, leaves leaves picked
1 cup Chives, chopped
12 Garlic, cloves
1 tbsp Chili Flakes flake, adjust to taste
2 tbsp Capers rinsed
4 Anchovies In Oil salt-packed or oil-packed, rinsed
2 tbsp Dijon Mustard
4 Lemon, zest Zest & juice of
2 qt Extra Virgin Olive Oil
1 cup Cider Vinegar or red wine vinegar for sharper bite
to taste Kosher Salt black pepper","1. Blanch herbs quickly in boiling salted water (20-30 seconds), shock in ice bath, squeeze dry.
2. Blend garlic, anchovy, capers, chili flake, mustard, vinegar, and lemon until smooth.
3. Add herbs in batches, blending to a fine paste.
4. Stream in olive oil until sauce is emulsified but still fluid.
5. Adjust seasoning with salt, pepper, vinegar, or chili as needed.
6. Cool quickly, store in 4 qt red-lid Cambro.",""
"Roasted Grapes","Prep & Pantry","8 lb Red Grapes
1/2 cup Olive Oil
2 tbsp Kosher Salt
1 tbsp Ground Black Pepper cracked
6 Thyme, sprig","1. Preheat oven to 375°F convection.
2. Toss grapes with olive oil, salt, pepper, and thyme.
3. Spread on lined sheet tray in single layer.
4. Roast 15-20 minutes, shaking tray halfway, until skins blister and juices just begin to release. Grapes should be softened but still hold shape.
5. Cool on tray, transfer to 4 qt red-lid Cambro.",""
"Cider Viniagrette","Sauces & Condiments","2 qt Cider Vinegar apple
1 qt Apple Cider fresh pressed, reduced by half
1 cup Dijon Mustard
1 cup Honey or maple syrup for rounder note
2 tbsp Shallot, minced finely minced
2 tbsp Kosher Salt
1 tbsp Ground Black Pepper cracked
2 qt Extra Virgin Olive Oil or blend with neutral oil for balance","1. Reduce cider by half in saucepan, cool.
2. Whisk vinegar, reduced cider, mustard, honey, shallot, salt, and pepper until smooth.
3. Emulsify with olive oil, streaming in slowly while whisking or blending.
4. Adjust seasoning balance should be bright, lightly sweet, sharp enough to cut through squash and grapes.
5. Store in 4 qt red-lid Cambro, label and date.",""
"Roasted Squash","Prep & Pantry","12 medium Acorn Squash 2 lb each
1/2 cup Olive Oil
1/4 cup Kosher Salt
2 tbsp Ground Black Pepper cracked","1. Split squash lengthwise, scoop out seeds and stringy pulp.
2. Brush cut sides with olive oil, season with salt and pepper.
3. Place cut-side down on lined sheet trays.
4. Roast at 375°F convection until flesh is tender and edges caramelized (~30-40 min).
5. Cool slightly, flip cut-side up.
6. Bowls (Entrée use): reserve intact halves, cut-side up, to be reheated and filled with risotto at service.
7. Slices (Salad use): take selected halves, slice crosswise into wedges while skin-on. Reserve for cold salad builds.",""
"Slaw MK3","Appetizers & Sides","1 qt Cider Vinegar vin
2 cup Sugar
2 tbsp Salt And Pepper T
2 cup Vegetable Oil
1 ramekin Stadium Mustard heaping spoonful","1. Blend all ingredients together.",""
"Lamb Belly","Prep & Pantry","2 Lamb Breast boneless slabs, ~5 lb total
2 qt Neutral Oil
1 Garlic head, halved
10 Thyme, sprig
3 ea Bay Leaf Dried
1 Lemon
1 tbsp Black Peppercorns
2 Salt of meat weight, about 45 g for 5 lb","1. Trim silver skin and score the fat lightly. Season evenly with salt, refrigerate 12 hours uncovered.
2. Rinse lightly and pat dry.
3. Place in deep pan with aromatics and fat; confit at 275°F for 3-3.5 hours, until tender but intact.
4. Transfer to tray, cover with parchment and a second tray. Press overnight under light weight in the walk-in.
5. Slice into 1.5"" cubes.
6. Crisp to order on the plancha, fat side down first until golden and lacquered.",""
"Sherry Maple Glaze","Sauces & Condiments","120 g Sherry Vinegar
100 g Maple Syrup
10 g Soy Sauce Light
Ground Black Pepper Cracked","1. Combine and simmer until reduced by half should coat the back of a spoon.
2. Brush over lamb while crisping; reserve remainder for finishing drizzle.",""
"Whipped Feta","Sauces & Condiments","200 g Feta Cheese
75 g Greek Yogurt
0.5 tsp Lemon, zest
40 g Olive Oil
splash Heavy Cream of
Ground Black Pepper","1. Blend all ingredients until smooth and fluffy.
2. Chill in piping bag; hold cold for service.",""
"Corn Salsa Mk2","Appetizers & Sides","2 bag Frozen Corn thawed, about 24 oz total
1 bunch Cilantro, chopped fresh chopped
1 medium Onion, diced
6 Cubanelle Pepper cored and diced
3 Peppers red diced, fresh or canned
0.25 cup Garlic, minced
3 tbsp Cajun Seasoning
1 tbsp Cumin Seed
0.5 tsp Cayenne pepper, or to taste
1 tbsp Chili Powder
2 tbsp Bottled Lime Juice or fresh if preferred
to taste Black Salt Salt and black pepper","1. Microwave frozen corn until just thawed (do not cook).
2. In a large bowl, combine the thawed corn, cilantro, onion, Cubanelle peppers, red peppers, and garlic.
3. Add Cajun seasoning, cumin seed, cayenne, chili powder, and lime juice.
4. Season with salt and pepper to taste.
5. Mix well until evenly coated.",""
"Rhubarb Chimichurri","Sauces & Condiments","4 cup Rhubarb small dice
1.5 cup Red Wine Vinegar
3.5 cup Olive Oil
2 cup Roasted Red Peppers peeled, small dice
0.25 cup Garlic, minced
0.75 cup Shallot, brunoise
1.5 cup Parsley, chopped
1 cup Cilantro, chopped
1 tbsp Smoked Paprika
1 tbsp Sumac
2 tsp Crushed Red Pepper
1.5 tbsp Salt
2 tbsp Sugar","1. Macerate rhubarb with vinegar, salt, sugar.
2. Fold in roasted red peppers for body and color.
3. Add spices before oil to bloom slightly in acid.
4. Finish with oil and herbs.",""
"Green Goddess","Sauces & Condiments","4 cup Buttermilk
1.5 cup Mayo
1 cup Sour Cream
Half & Half Avocado container
2 tbsp. Garlic
2 tbsp Anchovy
1 cup Chives
1 cup Parsley
0.25 cup Tarragon
0.5 cup Lemon, juice
1 tbsp Lemon, zest
1.5 tbsp Salt
to taste Ground Black Pepper","1. Blend avocado with lemon juice first to lock color.
2. Add herbs, garlic, anchovy.
3. Finish with dairy.",""
"Lemon Thyme Aioli","Sauces & Condiments","6.5 cup Mayo
3 tbsp Garlic paste
0.75 cup Lemon, juice
1 tbsp Lemon, zest
2 tbsp. Thyme, chopped
0.33 cup Dijon Mustard
1.5 tbsp Salt
to taste Ground Black Pepper
0.5 cup Water adjust for consistency","1. Combine mayo, garlic, lemon juice, lemon zest, thyme, and dijon in mixing bowl.
2. Whisk until fully smooth and emulsified.
3. Season with salt and black pepper.
4. Loosen with small amounts of water until spreadable consistency.
5. Adjust lemon and salt as needed.
6. Hold cold.",""
"Buffalo Mk2 'current'","Sauces & Condiments","1 Cont Crystal Hot Sauce
4 lb Unsalted Butter
0.25 cup Garlic, microplaned Dagneses
2 Chicken powder tbsp heaping
1 cup Parmesan finely grated
1 wedge Gorgonzola
1 btl White Verjus","1. Brown butter until deep nutty and aromatic. Hold warm.
2. Warm Crystal gently in a pot. Add garlic and chicken powder, whisk smooth.
3. Immersion blend while slowly streaming in the brown butter until fully emulsified.
4. Blend in Grana Padano until smooth.
5. Fold in blue cheese, leaving small chunks.
6. Finish with lemon juice. Adjust salt if needed.
7. Hold warm, not hot. Toss wings to coat.",""
"Olive Hummus","Sauces & Condiments","1 #10can Canned Chickpeas drained
4 cup Castelvetrano Olives
3.25 cup Tahini
2.5 cup Lemon, juice
0.5 cup Garlic
3 cup Ice Water as needed
1.75 cup Olive Oil
0.25 cup Salt","1. Add chickpeas, tahini, lemon juice, and garlic to robo coupe.
2. Blend until broken down, scraping sides as needed.
3. Add Castelvetrano olives and continue blending.
4. With machine running, stream in olive oil.
5. Add ice water gradually until very smooth and light.
6. Season with salt and adjust lemon as needed.
7. Blend until completely silky.
8. Hold cold.",""
"Whipped Bleu","Sauces & Condiments","4 cup Cheese Bleu
2.5 cup Cream Cheese
1.5 cup Creme Fraiche Crème fraîche
0.5 cup Buttermilk only as needed
0.5 cup Mayo
1 tsp Garlic Powder
1 tsp Onion Powder
Ground Black Pepper heavy
2 tbsp Lemon, juice
0.25 cup Chives fine","1. Blend base without buttermilk first. Get it smooth and tight.
2. Add buttermilk slowly until it just loosens.
3. Fold in chives last.",""
"Carbonara Base","Sauces & Condiments","3.5 cup Egg, yolks
1 cup Egg, whole
2.5 cup Pecorino Romano, grated finely grated
1 cup Parmesan finely grated
1 tbsp Ground Black Pepper
1 tsp Salt to taste","1. Combine egg yolks and whole eggs in mixing bowl.
2. Whisk until fully smooth and uniform.
3. Add grated pecorino romano and parmesan gradually, whisking constantly to prevent clumping.
4. Add black pepper and a small amount of salt.
5. Whisk until thick, smooth, and fully emulsified.
6. Loosen with small amounts of cold water only if needed to achieve a pourable consistency.
7. Strain through chinois until completely smooth.
8. Transfer to container and hold cold.",""
"Pear Mostarda","Sauces & Condiments","40 oz Pear Puree Frozen completely thawed, 1135g
8 oz Granulated Sugar Note: Adjust slightly depending on the starting brix/sweetness of your specific puree brand), 225g
4 fl-oz Champagne Vinegar White Wine Vinegar or, 120ml
1 tbsp Mustard Powder Dry (e.g., Colman's), 8g
6 oz Tarragon Mustard 170g
0.5 oz Tarragon Fresh finely chopped, 15g
1 tsp Kosher Salt or to taste","1. Whisk the base: In a heavy-bottomed saucepan or small rondo, whisk together the thawed pear puree, granulated sugar, white wine vinegar, dry mustard powder, and kosher salt.
2. Reduce: Bring the mixture to a simmer over medium heat. Let it reduce, stirring frequently with a high-temp spatula to prevent scorching on the bottom. You want to cook off a significant amount of the water content until the mixture becomes thick, glossy, and jammy (about 30-45 minutes). It should heavily coat the back of a spoon and hold a trail when you drag your spatula across the bottom of the pot.
3. Cool slightly: Remove the pot from the heat and transfer the reduction to a clean mixing bowl. Let it cool for about 10-15 minutes until it is warm to the touch, but no longer steaming hot. (Crucial step to preserve the Dijon's pungency).
4. Fold and finish: Once the temperature has dropped, fold in the Tarragon Dijon and the fresh chopped tarragon until completely incorporated.
5. Adjust: Taste for balance. It should hit you with upfront sweetness from the pear, followed by the bright anise notes of the tarragon, and finish with a sharp, lingering mustard bite. Add a splash of vinegar if it needs more acid to cut the sugar.
6. Store: Transfer to a 1-quart deli container, label, date, and chill. The flavors will mature and meld significantly after 24 hours in the walk-in.",""
"Tarragon Mustard Vinaigrette","Sauces & Condiments","6 fl-oz Champagne Vinegar 180ml
3 oz Tarragon Dijon Mustard
1.5 oz Shallot roughly chopped, 40g
0.5 oz Garlic, cloves about 3 cloves), 15g
1 oz Honey
1.5 oz Tarragon, leaves Fresh (leaves only, stems removed), 45g
2 fl-oz Ice Water
16 fl-oz Neutral Oil Canola, Grapeseed, or Safflower), 475ml
4 fl-oz Extra Virgin Olive Oil 120ml
1 tbsp Kosher Salt 10g
1 tsp Ground Black Pepper Freshly Cracked","1. Prep the base: In the pitcher of a Vita-Prep (or in a tall lexan if using an immersion blender), combine the vinegar, Dijon mustard, shallot, garlic, honey, fresh tarragon, ice water, salt, and pepper.
2. Blend: Blitz the mixture on high until the shallot, garlic, and tarragon are completely pulverized and the base is a vibrant, smooth green liquid.
3. Emulsify: Drop the blender speed to medium-low. With the motor running, begin slowly streaming in the neutral oil, followed by the extra virgin olive oil.
4. Check consistency: Once all the oil is incorporated, the vinaigrette should be fully emulsified, thick, and creamy. If it feels a bit too thick or tight for dressing greens, you can buzz in another splash of ice water to adjust the viscosity.
5. Taste and adjust: Check the seasoning. It should be punchy with acid and mustard, backed by the licorice notes of the tarragon. Adjust with a pinch more salt or a splash of vinegar if needed.
6. Store: Transfer to a labeled and dated 1-quart deli container. If the dressing tightens up too much in the walk-in overnight due to the olive oil, just let it sit at room temperature for 15 minutes before service and give it a hard shake.",""
"Warm Eggplant Caponata","Appetizers & Sides","2 Globe Eggplant dice, 900g
3 ribs Celery dice
4 Garlic, cloves cloves minced
2 oz Tomato Paste 60g
8 fl-oz Crushed Tomatoes High-quality (e.g., San Marzano), 240ml
0.5 lb Red Onion 1 dice
0.25 Castelvetrano Olives pitted and roughly chopped, 85g
3 oz Capers, drained drained and rinsed, 45g
1.5 oz Golden Raisins 70g
2.5 oz Pine Nuts, toasted 60g
2 oz Red Wine Vinegar 120ml
4 fl-oz Granulated Sugar 45g
1.5 oz Parsley, chopped Fresh chopped (fold in just before service), 15g
0.5 oz Extra Virgin Olive Oil for frying and finishing
Kosher Salt Black Pepper","1. Purge the eggplant: Toss the diced eggplant heavily with kosher salt and place it in a perforated hotel pan set over a solid pan. Let it sit for at least 45 minutes to draw out the bitter liquid. Rinse quickly and pat completely dry with C-fold towels.
2. Fry the eggplant: In a rondo or wide heavy-bottomed pot, heat about 1/2 inch of olive oil to 350°F (175°C). Working in batches so you don't drop the temp, fry the eggplant until deep golden brown and tender. Remove with a spider and drain on a paper-towel-lined sheet tray.
3. Build the base: Drain all but 3 tablespoons of the oil from the rondo. Add the diced onion and celery. Sweat over medium heat until softened but not browned (about 8-10 minutes). Add the garlic and cook for 1 minute until fragrant.
4. Caramelize the paste: Pinçage the tomato paste by adding it to the mirepoix and cooking it down for 2-3 minutes until it deepens in color to a rust red.
5. The agrodolce: Pour in the red wine vinegar and add the sugar. Scrape the bottom of the pot to lift any fond. Let the vinegar reduce by half.
6. Simmer and marry: Add the crushed tomatoes, capers, olives, and golden raisins. Bring to a gentle simmer for 10 minutes so the raisins plump and the sauce tightens.
7. Fold and finish: Gently fold in the fried eggplant and the toasted pine nuts. Simmer for just 2-3 minutes more so the eggplant absorbs the sauce without breaking down. Remove from heat.
8. Service: Taste for seasoning-it should be aggressively sweet and sour, but balanced. Fold in the fresh parsley right as it's being plated or heated for the line, and finish the dish with a drizzle of your best finishing olive oil to bring out the gloss.",""
"Vermouth Corn Pudding (Lasagna Filling)","Prep & Pantry","32 oz Frozen Corn 900g
2 oz Unsalted Butter 60g
2 oz Shallot, brunoise finely brunoise, 60g
4 fl-oz Dry Vermouth e.g., Noilly Prat), 120ml
4 fl-oz Heavy Cream 120ml
4 large Egg, yolks
2 oz Egg Parmigiano-R finely grated, 60g
1 tsp Thyme, chopped Fresh leaves, finely chopped
Kosher Salt White Pepper, to taste","1. Process the base: Take exactly half of the corn kernels (16 oz) and pulse them in a food processor until they form a rough puree. Leave the remaining 16 oz of kernels whole to provide the textural bite seen in the image.
2. Sweat the aromatics: Melt the butter in a wide rondo or heavy-bottomed saute pan over medium heat. Add the brunoise shallots and sweat until completely translucent and sweet, with no color (about 4-5 minutes).
3. Deglaze: Crank the heat slightly and pour in the dry vermouth. Let it reduce au sec (until almost completely dry). You want the concentrated botanical flavor of the vermouth without adding excess liquid to the filling.
4. Cook the corn: Add both the pureed corn and the whole kernels to the pan. Cook over medium heat, stirring frequently with a high-temp spatula, for about 8-10 minutes. The goal is to cook off the raw starch flavor and evaporate as much of the corn's natural water content as possible.
5. Add cream: Stir in the heavy cream and let it reduce until the mixture pulls away tightly from the sides of the pan when you drag your spatula through it.
6. Bind (the crucial step): Remove the pan entirely from the heat. In a small separate bowl, lightly beat the egg yolks. Temper the yolks by whisking in a small spoonful of the hot corn mixture, then immediately fold the tempered yolks back into the pan. The residual heat will cook the yolks just enough to bind the pudding into a cohesive, velvety filling.
7. Finish & cool: Fold in the grated Parmigiano-Reggiano, fresh thyme, salt, and a pinch of white pepper. Spread the mixture out onto a parchment-lined sheet tray to cool quickly and evenly. Once completely chilled, transfer to a deli container. It will set up significantly in the walk-in, making it perfect for spreading onto fresh pasta sheets.",""
"Cherry Pepper Romesco","Sauces & Condiments","16 oz Roasted Red Peppers 3-4 large peppers from can
6 oz Pickled Hot Cherry Peppers Pickled Peppers, destemmed and roughly chopped
6 oz Marcona Almonds deeply toasted), 170g
2 oz Croutons
5 Garlic, cloves cloves smashed
1 tbsp Tomato Paste pomodoro
2 tsp Smoked Paprika
1 fl-oz Sherry Vinegar or balsamic
8 fl-oz Extra Virgin Olive Oil plus 2 tbsp for frying), 240ml
1 tsp Kosher Salt or to taste, keeping the brine of the cherry peppers in mind","1. Toast and fry: Heat 2 tablespoons of olive oil in a skillet over medium heat. Add the torn bread chunks and smashed garlic cloves. Toast, tossing frequently, until the bread is golden brown and crispy on all sides, and the garlic is softened and fragrant (about 4-5 minutes).
2. Bloom the spices: Drop the heat to low. Add the tomato paste and smoked paprika to the skillet with the bread and garlic. Stir continuously for 60 seconds to toast the paste (pinçage) and bloom the paprika in the residual oil. Remove from heat immediately so the paprika doesn't turn bitter.
3. Process the base: In the pitcher of a Vita-Prep or food processor, combine the toasted almonds, the bread and garlic mixture, roasted red peppers, and the pickled cherry peppers. Pulse several times until the mixture is broken down into a coarse paste. You want to retain some physical texture from the nuts and bread-it shouldn't be completely smooth like a puree.
4. Emulsify: With the processor running on a low speed, slowly stream in the sherry vinegar, followed by the 8 fl oz of extra virgin olive oil.
5. Taste and adjust: Stop the machine and scrape down the sides. Taste for balance. The pickled cherry peppers should provide a bright front-end tang, followed by the smokiness of the paprika, and finishing with the rich, nutty body of the almonds and olive oil. If it needs more acid, add a splash of the cherry pepper brine instead of more vinegar to reinforce that specific pepper flavor.
6. Store: Transfer to a labeled and dated 1-quart deli container.",""
"Dredge For KFC","Prep & Pantry","16 oz All Purpose Flour 450g
8 oz White Rice Flour 225g
8 oz Corn Starch 225g
1 tbsp Baking Powder helps create tiny bubbles in the crust for an airy crunch), 15g
1 tbsp Kosher Salt 10g
1 tsp Garlic Powder
1 tsp White Peppercorns","1. Whisk: In a wide, shallow hotel pan, whisk all the dry ingredients together until completely homogenous.
2. Dredge: Remove a chicken breast from the marinade, letting the excess drip off for a few seconds. Drop it into the dredge. Use your hands to pack the flour mixture tightly onto the meat, pressing down to create crags and flakes.",""
"KFC Sauce","Sauces & Condiments","2 fl-oz Neutral Oil Canola or Grapeseed), 60ml
3 oz Garlic, cloves Fresh heavily minced (about 8-10 large cloves), 90g
8 oz Gochujang Korean Chili Paste), 230g
6 fl-oz Soy Sauce 180ml
6 fl-oz Rice Vinegar 180ml
8 oz Honey or Corn Syrup), 230g
2 oz Light Brown Sugar 60g
2 fl-oz Water 60ml
1 fl-oz Toasted Sesame Oil 30ml","1. Sweat the garlic: In a saucepan over medium-low heat, add the neutral oil and minced garlic. Sweat gently for 2-3 minutes until very fragrant, being careful not to let the garlic take on any brown color (which turns it bitter).
2. Build the sauce: Whisk in the gochujang, soy sauce, rice vinegar, honey, brown sugar, and water.
3. Reduce: Bring the mixture to a gentle simmer. Let it cook down for about 5-7 minutes, stirring frequently, until the sugar is dissolved and the sauce reduces to a sticky, syrupy glaze that heavily coats the back of a spoon.
4. Finish off-heat: Remove from the heat and whisk in the toasted sesame oil (adding it at the end preserves its delicate flavor).",""
"Oi Muchim (Cucumber Salad)","Soups & Salads","6 English Cucumber, sliced sliced on a bias on a mandoline
2 tbsp Kosher Salt reduced to balance the gochujang
1 tbsp Sugar reduced
6 tbsp Gochujang
0.75 cup Rice Vinegar unseasoned
2 tbsp Fish Sauce
6 medium Clove garlic finely minced or grated
0.75 cup Toasted Sesame Oil dialed back from 1 cup + 2 tbsp.
6 tbsp Toasted Sesame Seeds","1. Salt & press: Massage the bias-cut cucumbers with the salt and sugar for 1 minute until they begin to release liquid. Place in a colander set over a bowl, cover with parchment paper and a heavy weight, and let drain for 30-60 minutes.
2. Make dressing: In a separate bowl, whisk together the gochujang, rice wine vinegar, fish sauce, and garlic. Slowly drizzle in the sesame oil while whisking constantly to emulsify.
3. Combine & serve: Discard the parchment and weight. Squeeze the excess moisture from the drained cucumbers (discard the liquid). Toss the cucumbers with the dressing and sesame seeds until well-coated. Serve immediately, or store in an airtight container in the fridge for up to 2 days.",""
"Pico de Gallo","Sauces & Condiments","40 oz Roma Tomatoes (cored), 1135g
12 oz White Onion (peeled), 340g
3 oz Jalapeños (stemmed; seed them if a milder heat is desired), 85g
2 oz Fresh Cilantro (roughly chopped), 55g
1 oz Garlic, cloves (peeled and minced), 30g
4 fl-oz Fresh Lime Juice, 120ml
1 oz Kosher Salt, 30g
0.25 oz Black Pepper (ground), 7g","1. Pass the tomatoes, white onions, and jalapeños through the dicer into a large mixing bowl or lexan.
2. Add the roughly chopped cilantro and minced garlic to the diced vegetables.
3. Pour in the fresh lime juice, kosher salt, and black pepper. Use a rubber spatula to gently fold the mixture together, tossing from the bottom up to avoid mashing the diced tomatoes.
4. Let the mixture sit for 15-20 minutes to draw out water and meld flavors. Taste and adjust salt or lime juice if necessary.
5. Transfer to a clean container, cover, label, and date. Keep refrigerated.","Yield: 2 Quarts"
"Calabrian Corn Butter","Sauces & Condiments","32 oz Salted Butter, 907g
1 container Calabrian Chiles (drained, approx 10 oz), 280g
1 package Frozen Corn (approx 16 oz), 454g","1. In a sauce pot over medium-low heat, combine the salted butter, drained Calabrian chiles, and frozen corn.
2. Bring to a gentle simmer and cook for 15-20 minutes, allowing the corn to heat through and the flavors to deeply infuse into the butter.
3. Carefully transfer the hot mixture to a high-speed blender or use an immersion blender. Blend on high until completely smooth and emulsified.
4. Transfer to a clean container, cover, label, and date. Store in the refrigerator to set.","Yield: 2 Quarts"
"Queso","Sauces & Condiments","1 ea Easy Melt Cheese loaf (approx 5 lbs), cubed
2 qt Heavy Cream
1 tbsp Paprika
1 tbsp Chili Powder
1 tbsp Cumin
1 tbsp Garlic Pepper Seasoning","1. Chop the easy melt cheese into small, even pieces to ensure quick and even melting.
2. In a heavy-bottomed pot, combine the chopped cheese and heavy cream.
3. Heat the mixture low and slow, stirring frequently with a spatula or whisk to prevent scorching on the bottom of the pot.
4. Once the cheese is completely melted and the mixture is smooth, remove from heat.
5. Add the paprika, chili powder, cumin, and garlic pepper seasoning, whipping them in until fully incorporated.
6. Transfer to a clean container, cover, label, and date. Hold hot for service or cool properly before refrigerating.","Yield: Approx. 1 Gallon"
"Guacamole","Appetizers & Sides","2 containers Frozen Chunky Avocado (thawed)
1 oz Garlic, cloves (peeled and minced), 30g
3 fl-oz Fresh Lime Juice, 90ml
1 oz Fresh Cilantro (roughly chopped), 30g
0.5 oz Kosher Salt, 15g
0.1 oz Black Pepper (ground), 3g","1. Thaw the frozen chunky avocado completely (ideally overnight under refrigeration).
2. Place the thawed avocado into a large mixing bowl or lexan.
3. Add the minced garlic, fresh lime juice, chopped cilantro, kosher salt, and black pepper.
4. Fold the ingredients together gently using a rubber spatula, taking care to combine thoroughly while maintaining the chunky texture of the avocado.
5. Taste and adjust salt or lime juice if necessary.
6. Transfer to a clean container. Press plastic wrap directly onto the surface of the guacamole to prevent browning (oxidation), then cover with a tight-fitting lid, label, and date. Store refrigerated.","Yield: 2 Quarts"
"Confit Garlic Butter","Sauces & Condiments","4 lbs Butter
1 container Peeled Garlic Cloves
2 cups White Verjus
1 qt Parmesan Cheese (grated)
Fresh Herbs (e.g., parsley/thyme, finely chopped)","1. In a heavy-bottomed pot or rondeau, melt the butter over low heat.
2. Add the peeled garlic cloves and simmer gently until the garlic is completely tender and soft.
3. Deglaze the pot by pouring in the white verjus.
4. Remove from heat. Using an immersion blender, blend the garlic and liquids while gradually whipping in the parmesan cheese until the mixture is completely smooth and emulsified.
5. Fold in the finely chopped fresh herbs.
6. Transfer to a clean container, cover, label, and date. Store refrigerated to set.","Yield: Approx. 3.5 Quarts"
"Garlic Gochujang Glaze","Sauces & Condiments","1.5 cups Neutral Oil (for frying)
1 qt Garlic (chopped)
1 container Gochujang
2 containers Honey
1 qt Soy Sauce
1 qt Rice Vinegar
2 cups Light Brown Sugar
1 cup Toasted Sesame Oil","1. In a large heavy-bottomed pot or rondeau, heat the neutral oil over medium-low heat. Add the chopped garlic and gently fry until very fragrant, being careful not to let it burn or turn bitter.
2. Whisk in the gochujang, honey, soy sauce, rice vinegar, and light brown sugar until thoroughly combined.
3. Bring the mixture to a gentle simmer. Let it cook down, stirring frequently, until the sugar is dissolved and the sauce reduces to a sticky, syrupy glaze.
4. Remove the pot from the heat and whisk in the toasted sesame oil.
5. Transfer to a clean container, cover, label, and date. Store refrigerated.","Yield: 6 Quarts"
"Candied Bacon","Hot Line Prep","25 slices Bacon (par-cooked)
Jalapeño Hot Honey (for drizzling)
Black Pepper (fresh cracked)","1. Lay out the par-cooked bacon slices evenly on a sizzle platter or wire rack on a sheet pan.
2. Drizzle the slices evenly with the Jalapeño Hot Honey.
3. Season generously with fresh cracked black pepper.
4. Place under the salamander and cook until the honey glaze becomes sticky and caramelizes. Watch very closely to prevent burning, as the sugar will catch fast.
5. Remove and let cool slightly so the glaze sets before holding for service.","Yield: 25 Slices (Daily Prep)"
"Corn Pudding Lasagna (Assembly)","Mains & Entrees","Ohio City Pasta Sheets (thawed)
Corn Pudding
Parmesan Cheese (grated)
Non-Stick Cooking Spray
Parchment Paper","1. Thaw Ohio City Pasta sheets and gently peel them apart.
2. Line 1/3 hotel pans with two separate folded sheets of parchment (one going top-to-bottom, one left-to-right) and spray generously with non-stick cooking spray.
3. Smear an even layer of corn pudding on each pasta sheet, then sprinkle generously with parmesan cheese.
4. Starting from the left side of the sheet, fold over about 1 inch, accordion-fold a few times, and finish with a roll to create a log.
5. Place 3 logs in the bottom of the prepared 1/3 pan, pressing gently to fill the space. Sprinkle generously with parmesan to act as a glue.
6. Add a second row of logs on top and finish with another generous sprinkle of parmesan.
7. Fold the hanging parchment paper over the top to form a nice, tight package.
8. Bake in the Dagnese's bread oven for 30 to 45 minutes, until fragrant and not burning.
9. Allow the pans to cool completely. To unmold, use a blowtorch gently on the outside of the metal pan to loosen the edges and dislodge the loaf.
10. Unwrap the parchment, slice the lasagna loaf in half, and then cut each half into quarters to yield 8 pieces per pan.
11. Wrap each piece individually in plastic wrap for service.","Yield: 8 Portions per 1/3 Pan"
"Lasagna Sauce","Sauces & Condiments","1 lb Butter
1 lb All-Purpose Flour
8 ea Cubanelle Peppers (Sub: 12 Jalapeños, cored and seeded)
4 fl-oz Water
3 qts Heavy Cream
1 container Goat Cheese Crumbles
4 oz Dijon Mustard
2 cups Verjus
Kosher Salt and Black Pepper (to taste)","1. Prepare the pepper puree: Heavily roast the cored and seeded cubanelles (or jalapeños) by charring the outside with a blowtorch, then finish them under the salamander. Puree the roasted peppers in a blender with the 4 oz of water until completely smooth.
2. Make the roux: In a large, heavy-bottomed pot, melt the butter over medium heat. Whisk in the AP flour and cook to a blond roux, being careful not to let it take on any dark color.
3. Build the sauce: Gradually whisk in the heavy cream, stirring continuously to ensure the mixture is completely smooth and free of lumps. Bring to a gentle simmer to activate the roux.
4. Finish the sauce: Whisk in the goat cheese crumbles, the roasted pepper puree, Dijon mustard, and verjus. Continue whisking until the cheese is completely melted and the sauce is uniform.
5. Season to taste with kosher salt and black pepper.
6. Transfer to a clean container, cover, label, and date. Store refrigerated.","Yield: Approx. 1.25 Gallons"
"Adobo Pork","Mains & Entrees","2 packs of frozen carnitas
1 tbsp chili powder
1 tbsp cumin
1 tbsp oregano
4 oz lime juice



","1. thaw pork under running water. pork is 100% cooked when it comes in
2. shred and place in pot with the rest of the ingredients. simmer for 20 minutes to season the pork",""
"Shrimp Linguine","Mains & Entrees","4 pieces of shrimp
1 tbsp white wine
1 tbsp lemon juice
1 pack ohio city pasta
1 oz parmesan cheese
1 knob of butter
6-8 roasted tomato wedges","1. get a pan hot, saute shrimp and tomatoes together until 80% cooked.
2. deglaze pan with white wine, add lemon juice, butter, parmesan and cook till emulsified. 
3. toss with cooked pasta
4. grill crostini
5. Plate on burger plate, pasta in the center, shrimp on the North South East West of the plate, bread on the side of the plate like meatballs. Should be saucy",""
